[{"id":19,"annotations":[{"id":7,"completed_by":{"id":1,"email":"ci.zhang@iteratelabs.co","first_name":"","last_name":""},"result":[{"value":{"start":2421,"end":2484,"instant":false,"timeserieslabels":["Cycle1"]},"id":"wb_FMbhx2K","from_name":"cycel_label","to_name":"ts","type":"timeserieslabels"},{"value":{"start":126,"end":218,"instant":false,"timeserieslabels":["Cycle1"]},"id":"cg8CrvIvnk","from_name":"cycel_label","to_name":"ts","type":"timeserieslabels"},{"value":{"start":245,"end":311,"instant":false,"timeserieslabels":["Cycle1"]},"id":"NlUaGFO35q","from_name":"cycel_label","to_name":"ts","type":"timeserieslabels"},{"value":{"start":343,"end":425,"instant":false,"timeserieslabels":["Cycle1"]},"id":"UBupvVfUi1","from_name":"cycel_label","to_name":"ts","type":"timeserieslabels"},{"value":{"start":501,"end":593,"instant":false,"timeserieslabels":["Cycle1"]},"id":"X5_KvmLTa9","from_name":"cycel_label","to_name":"ts","type":"timeserieslabels"},{"value":{"start":712,"end":798,"instant":false,"timeserieslabels":["Cycle1"]},"id":"v-jBsW5JUy","from_name":"cycel_label","to_name":"ts","type":"timeserieslabels"},{"value":{"start":935,"end":1005,"instant":false,"timeserieslabels":["Cycle1"]},"id":"JkO9vmUPWu","from_name":"cycel_label","to_name":"ts","type":"timeserieslabels"},{"value":{"start":438,"end":491,"instant":false,"timeserieslabels":["Cycle2"]},"id":"qv1TXFYVyQ","from_name":"cycel_label","to_name":"ts","type":"timeserieslabels"},{"value":{"start":613,"end":666,"instant":false,"timeserieslabels":["Cycle2"]},"id":"TnW0jhkIF3","from_name":"cycel_label","to_name":"ts","type":"timeserieslabels"},{"value":{"start":1102,"end":1180,"instant":false,"timeserieslabels":["Cycle1"]},"id":"E7S5A8nLLE","from_name":"cycel_label","to_name":"ts","type":"timeserieslabels"},{"value":{"start":1192,"end":1223,"instant":false,"timeserieslabels":["Cycle2"]},"id":"WSXA0BEm3W","from_name":"cycel_label","to_name":"ts","type":"timeserieslabels"},{"value":{"start":1250,"end":1331,"instant":false,"timeserieslabels":["Cycle1"]},"id":"bfEOnhmUBZ","from_name":"cycel_label","to_name":"ts","type":"timeserieslabels"},{"value":{"start":2919,"end":2998,"instant":false,"timeserieslabels":["Cycle1"]},"id":"nYgqLadYkC","from_name":"cycel_label","to_name":"ts","type":"timeserieslabels"},{"value":{"start":3057,"end":3112,"instant":false,"timeserieslabels":["Cycle1"]},"id":"zWuNeJ-aL3","from_name":"cycel_label","to_name":"ts","type":"timeserieslabels"},{"value":{"start":2777,"end":2848,"instant":false,"timeserieslabels":["Cycle1"]},"id":"42fwBCGK6g","from_name":"cycel_label","to_name":"ts","type":"timeserieslabels"},{"value":{"start":2855,"end":2902,"instant":false,"timeserieslabels":["Cycle2"]},"id":"TU9kuA8L4H","from_name":"cycel_label","to_name":"ts","type":"timeserieslabels"},{"value":{"start":3249,"end":3278,"instant":false,"timeserieslabels":["Cycle2"]},"id":"A3jS3dmRfW","from_name":"cycel_label","to_name":"ts","type":"timeserieslabels"},{"value":{"start":3293,"end":3340,"instant":false,"timeserieslabels":["Cycle1"]},"id":"WnsJmCnILU","from_name":"cycel_label","to_name":"ts","type":"timeserieslabels"},{"value":{"start":3346,"end":3368,"instant":false,"timeserieslabels":["Cycle2"]},"id":"YvcAgVjsVH","from_name":"cycel_label","to_name":"ts","type":"timeserieslabels"},{"value":{"start":1411,"end":1483,"instant":false,"timeserieslabels":["Cycle1"]},"id":"ohzoMxrG-5","from_name":"cycel_label","to_name":"ts","type":"timeserieslabels"},{"value":{"start":1508,"end":1548,"instant":false,"timeserieslabels":["Cycle2"]},"id":"4M533GuZbD","from_name":"cycel_label","to_name":"ts","type":"timeserieslabels"},{"value":{"start":1565,"end":1650,"instant":false,"timeserieslabels":["Cycle1"]},"id":"81aohaICiF","from_name":"cycel_label","to_name":"ts","type":"timeserieslabels"},{"value":{"start":1705,"end":1784,"instant":false,"timeserieslabels":["Cycle1"]},"id":"kIqJLceWmN","from_name":"cycel_label","to_name":"ts","type":"timeserieslabels"},{"value":{"start":1792,"end":1827,"instant":false,"timeserieslabels":["Cycle2"]},"id":"gbT46pI3AT","from_name":"cycel_label","to_name":"ts","type":"timeserieslabels"},{"value":{"start":1837,"end":1901,"instant":false,"timeserieslabels":["Cycle1"]},"id":"SpJgHRCRKq","from_name":"cycel_label","to_name":"ts","type":"timeserieslabels"},{"value":{"start":2016,"end":2091,"instant":false,"timeserieslabels":["Cycle1"]},"id":"zJM5M5cEI9","from_name":"cycel_label","to_name":"ts","type":"timeserieslabels"},{"value":{"start":2101,"end":2183,"instant":false,"timeserieslabels":["Cycle1"]},"id":"RwBc-sUfnv","from_name":"cycel_label","to_name":"ts","type":"timeserieslabels"},{"value":{"start":2195,"end":2230,"instant":false,"timeserieslabels":["Cycle2"]},"id":"Bd6LQUS4ha","from_name":"cycel_label","to_name":"ts","type":"timeserieslabels"},{"value":{"start":2268,"end":2367,"instant":false,"timeserieslabels":["Cycle1"]},"id":"y_nSYi397T","from_name":"cycel_label","to_name":"ts","type":"timeserieslabels"},{"value":{"start":2507,"end":2606,"instant":false,"timeserieslabels":["Cycle1"]},"id":"y232b_Nl-f","from_name":"cycel_label","to_name":"ts","type":"timeserieslabels"},{"value":{"start":2636,"end":2721,"instant":false,"timeserieslabels":["Cycle1"]},"id":"WSVaYYOePu","from_name":"cycel_label","to_name":"ts","type":"timeserieslabels"},{"value":{"start":2728,"end":2761,"instant":false,"timeserieslabels":["Cycle2"]},"id":"bYJbkU2YE8","from_name":"cycel_label","to_name":"ts","type":"timeserieslabels"},{"value":{"start":3164,"end":3241,"instant":false,"timeserieslabels":["Cycle1"]},"id":"Ns79-B308Q","from_name":"cycel_label","to_name":"ts","type":"timeserieslabels"},{"value":{"start":3410,"end":3480,"instant":false,"timeserieslabels":["Cycle1"]},"id":"sHYUZ7MNwe","from_name":"cycel_label","to_name":"ts","type":"timeserieslabels"},{"value":{"start":3375,"end":3398,"instant":false,"timeserieslabels":["Cycle1"]},"id":"67PoWCpUXD","from_name":"cycel_label","to_name":"ts","type":"timeserieslabels"},{"value":{"start":3595,"end":3672,"instant":false,"timeserieslabels":["Cycle1"]},"id":"F_hzO-iImG","from_name":"cycel_label","to_name":"ts","type":"timeserieslabels"},{"value":{"start":3757,"end":3834,"instant":false,"timeserieslabels":["Cycle1"]},"id":"cDZtOijdC1","from_name":"cycel_label","to_name":"ts","type":"timeserieslabels"},{"value":{"start":3879,"end":3968,"instant":false,"timeserieslabels":["Cycle1"]},"id":"qiKCjrZRFr","from_name":"cycel_label","to_name":"ts","type":"timeserieslabels"},{"value":{"start":3983,"end":4050,"instant":false,"timeserieslabels":["Cycle1"]},"id":"HS26L3by2N","from_name":"cycel_label","to_name":"ts","type":"timeserieslabels"},{"value":{"start":4113,"end":4200,"instant":false,"timeserieslabels":["Cycle1"]},"id":"aaCvoMwLgK","from_name":"cycel_label","to_name":"ts","type":"timeserieslabels"},{"value":{"start":4227,"end":4309,"instant":false,"timeserieslabels":["Cycle1"]},"id":"3R4jPKKi58","from_name":"cycel_label","to_name":"ts","type":"timeserieslabels"},{"value":{"start":4359,"end":4424,"instant":false,"timeserieslabels":["Cycle1"]},"id":"TigzW4pBbD","from_name":"cycel_label","to_name":"ts","type":"timeserieslabels"},{"value":{"start":4471,"end":4576,"instant":false,"timeserieslabels":["Cycle1"]},"id":"lw935rNVv7","from_name":"cycel_label","to_name":"ts","type":"timeserieslabels"},{"value":{"start":4611,"end":4693,"instant":false,"timeserieslabels":["Cycle1"]},"id":"_IGvJ7gNgf","from_name":"cycel_label","to_name":"ts","type":"timeserieslabels"},{"value":{"start":4710,"end":4800,"instant":false,"timeserieslabels":["Cycle1"]},"id":"z0hhS4LNNn","from_name":"cycel_label","to_name":"ts","type":"timeserieslabels"},{"value":{"start":3684,"end":3729,"instant":false,"timeserieslabels":["Cycle2"]},"id":"GE2iRtnpnZ","from_name":"cycel_label","to_name":"ts","type":"timeserieslabels"},{"value":{"start":3841,"end":3876,"instant":false,"timeserieslabels":["Cycle2"]},"id":"XORaryjmJL","from_name":"cycel_label","to_name":"ts","type":"timeserieslabels"},{"value":{"start":4063,"end":4100,"instant":false,"timeserieslabels":["Cycle2"]},"id":"b_Gam_zrJ9","from_name":"cycel_label","to_name":"ts","type":"timeserieslabels"},{"value":{"start":4317,"end":4342,"instant":false,"timeserieslabels":["Cycle2"]},"id":"l907YuqQsB","from_name":"cycel_label","to_name":"ts","type":"timeserieslabels"},{"value":{"start":4855,"end":4937,"instant":false,"timeserieslabels":["Cycle1"]},"id":"fQ9HznxPIn","from_name":"cycel_label","to_name":"ts","type":"timeserieslabels"},{"value":{"start":4984,"end":5074,"instant":false,"timeserieslabels":["Cycle1"]},"id":"j82MuV7_nz","from_name":"cycel_label","to_name":"ts","type":"timeserieslabels"},{"value":{"start":5136,"end":5214,"instant":false,"timeserieslabels":["Cycle1"]},"id":"sFUG-L2n-2","from_name":"cycel_label","to_name":"ts","type":"timeserieslabels"},{"value":{"start":5233,"end":5309,"instant":false,"timeserieslabels":["Cycle1"]},"id":"PuZsAM2GDx","from_name":"cycel_label","to_name":"ts","type":"timeserieslabels"},{"value":{"start":4947,"end":4979,"instant":false,"timeserieslabels":["Cycle2"]},"id":"gLGWKTd6hY","from_name":"cycel_label","to_name":"ts","type":"timeserieslabels"},{"value":{"start":5321,"end":5358,"instant":false,"timeserieslabels":["Cycle2"]},"id":"AXWC_vIqqb","from_name":"cycel_label","to_name":"ts","type":"timeserieslabels"},{"value":{"start":5392,"end":5467,"instant":false,"timeserieslabels":["Cycle1"]},"id":"x5s0v8wejo","from_name":"cycel_label","to_name":"ts","type":"timeserieslabels"},{"value":{"start":5529,"end":5611,"instant":false,"timeserieslabels":["Cycle1"]},"id":"1ua6BufEoK","from_name":"cycel_label","to_name":"ts","type":"timeserieslabels"},{"value":{"start":5676,"end":5755,"instant":false,"timeserieslabels":["Cycle1"]},"id":"sTcyhsx--w","from_name":"cycel_label","to_name":"ts","type":"timeserieslabels"},{"value":{"start":5798,"end":5872,"instant":false,"timeserieslabels":["Cycle1"]},"id":"3DoUIUBSDV","from_name":"cycel_label","to_name":"ts","type":"timeserieslabels"},{"value":{"start":5912,"end":5987,"instant":false,"timeserieslabels":["Cycle1"]},"id":"RqOQMM374S","from_name":"cycel_label","to_name":"ts","type":"timeserieslabels"},{"value":{"start":6054,"end":6127,"instant":false,"timeserieslabels":["Cycle1"]},"id":"e3Wj_Qs8Ta","from_name":"cycel_label","to_name":"ts","type":"timeserieslabels"},{"value":{"start":6009,"end":6042,"instant":false,"timeserieslabels":["Cycle2"]},"id":"S-qdVVTH_J","from_name":"cycel_label","to_name":"ts","type":"timeserieslabels"},{"value":{"start":5621,"end":5658,"instant":false,"timeserieslabels":["Cycle2"]},"id":"K2bbKn9Yco","from_name":"cycel_label","to_name":"ts","type":"timeserieslabels"},{"value":{"start":6149,"end":6186,"instant":false,"timeserieslabels":["Cycle2"]},"id":"cRPeKOpHav","from_name":"cycel_label","to_name":"ts","type":"timeserieslabels"},{"value":{"start":6204,"end":6278,"instant":false,"timeserieslabels":["Cycle1"]},"id":"YXqnlwLtmt","from_name":"cycel_label","to_name":"ts","type":"timeserieslabels"},{"value":{"start":6306,"end":6398,"instant":false,"timeserieslabels":["Cycle1"]},"id":"GxXgoXW_dx","from_name":"cycel_label","to_name":"ts","type":"timeserieslabels"},{"value":{"start":6405,"end":6438,"instant":false,"timeserieslabels":["Cycle2"]},"id":"hBE18jHnIt","from_name":"cycel_label","to_name":"ts","type":"timeserieslabels"},{"value":{"start":6453,"end":6528,"instant":false,"timeserieslabels":["Cycle1"]},"id":"_S-AbcynFy","from_name":"cycel_label","to_name":"ts","type":"timeserieslabels"},{"value":{"start":6592,"end":6667,"instant":false,"timeserieslabels":["Cycle1"]},"id":"yJj7GJCF6j","from_name":"cycel_label","to_name":"ts","type":"timeserieslabels"},{"value":{"start":6712,"end":6819,"instant":false,"timeserieslabels":["Cycle1"]},"id":"n_4U4J_Avp","from_name":"cycel_label","to_name":"ts","type":"timeserieslabels"},{"value":{"start":6884,"end":6991,"instant":false,"timeserieslabels":["Cycle1"]},"id":"4YvJaI_gFn","from_name":"cycel_label","to_name":"ts","type":"timeserieslabels"},{"value":{"start":6827,"end":6864,"instant":false,"timeserieslabels":["Cycle2"]},"id":"R6vwwosx_k","from_name":"cycel_label","to_name":"ts","type":"timeserieslabels"},{"value":{"start":7005,"end":7094,"instant":false,"timeserieslabels":["Cycle1"]},"id":"vv7XSopADo","from_name":"cycel_label","to_name":"ts","type":"timeserieslabels"},{"value":{"start":7131,"end":7200,"instant":false,"timeserieslabels":["Cycle1"]},"id":"5435_0TWCL","from_name":"cycel_label","to_name":"ts","type":"timeserieslabels"},{"value":{"start":7214,"end":7260,"instant":false,"timeserieslabels":["Cycle2"]},"id":"q907dk7ACg","from_name":"cycel_label","to_name":"ts","type":"timeserieslabels"},{"value":{"start":7269,"end":7343,"instant":false,"timeserieslabels":["Cycle1"]},"id":"R-CCixrT-5","from_name":"cycel_label","to_name":"ts","type":"timeserieslabels"},{"value":{"start":7384,"end":7478,"instant":false,"timeserieslabels":["Cycle1"]},"id":"kxFdPf2z6G","from_name":"cycel_label","to_name":"ts","type":"timeserieslabels"},{"value":{"start":7513,"end":7602,"instant":false,"timeserieslabels":["Cycle1"]},"id":"6VmULd3l0Y","from_name":"cycel_label","to_name":"ts","type":"timeserieslabels"},{"value":{"start":7607,"end":7642,"instant":false,"timeserieslabels":["Cycle2"]},"id":"NO5wQDzvGu","from_name":"cycel_label","to_name":"ts","type":"timeserieslabels"},{"value":{"start":7679,"end":7765,"instant":false,"timeserieslabels":["Cycle1"]},"id":"Z9xWGgeNGB","from_name":"cycel_label","to_name":"ts","type":"timeserieslabels"},{"value":{"start":7800,"end":7889,"instant":false,"timeserieslabels":["Cycle1"]},"id":"fvES62SZOD","from_name":"cycel_label","to_name":"ts","type":"timeserieslabels"},{"value":{"start":7934,"end":8032,"instant":false,"timeserieslabels":["Cycle1"]},"id":"1Eb0LXoA8b","from_name":"cycel_label","to_name":"ts","type":"timeserieslabels"},{"value":{"start":8041,"end":8075,"instant":false,"timeserieslabels":["Cycle2"]},"id":"FxShl_15FE","from_name":"cycel_label","to_name":"ts","type":"timeserieslabels"},{"value":{"start":8092,"end":8164,"instant":false,"timeserieslabels":["Cycle1"]},"id":"Bv9KXIvV1V","from_name":"cycel_label","to_name":"ts","type":"timeserieslabels"},{"value":{"start":8198,"end":8282,"instant":false,"timeserieslabels":["Cycle1"]},"id":"DzKtMzA9hD","from_name":"cycel_label","to_name":"ts","type":"timeserieslabels"},{"value":{"start":8351,"end":8451,"instant":false,"timeserieslabels":["Cycle1"]},"id":"i4sGgpIw_-","from_name":"cycel_label","to_name":"ts","type":"timeserieslabels"},{"value":{"start":8494,"end":8549,"instant":false,"timeserieslabels":["Cycle1"]},"id":"rkJIsSMlCa","from_name":"cycel_label","to_name":"ts","type":"timeserieslabels"},{"value":{"start":8620,"end":8709,"instant":false,"timeserieslabels":["Cycle1"]},"id":"_qpBe9ij7c","from_name":"cycel_label","to_name":"ts","type":"timeserieslabels"},{"value":{"start":8732,"end":8838,"instant":false,"timeserieslabels":["Cycle1"]},"id":"ExGsLfOlGz","from_name":"cycel_label","to_name":"ts","type":"timeserieslabels"},{"value":{"start":8876,"end":8964,"instant":false,"timeserieslabels":["Cycle1"]},"id":"UMkRX-BJ0Q","from_name":"cycel_label","to_name":"ts","type":"timeserieslabels"},{"value":{"start":8999,"end":9076,"instant":false,"timeserieslabels":["Cycle1"]},"id":"n1hzatpAuv","from_name":"cycel_label","to_name":"ts","type":"timeserieslabels"},{"value":{"start":9122,"end":9200,"instant":false,"timeserieslabels":["Cycle1"]},"id":"fRVbHp0vgd","from_name":"cycel_label","to_name":"ts","type":"timeserieslabels"},{"value":{"start":9082,"end":9108,"instant":false,"timeserieslabels":["Cycle2"]},"id":"GsPoHJr18F","from_name":"cycel_label","to_name":"ts","type":"timeserieslabels"},{"value":{"start":9255,"end":9379,"instant":false,"timeserieslabels":["Cycle1"]},"id":"aflXx9zKQf","from_name":"cycel_label","to_name":"ts","type":"timeserieslabels"},{"value":{"start":9416,"end":9522,"instant":false,"timeserieslabels":["Cycle1"]},"id":"8Ch7bky-1l","from_name":"cycel_label","to_name":"ts","type":"timeserieslabels"},{"value":{"start":9568,"end":9663,"instant":false,"timeserieslabels":["Cycle1"]},"id":"GsYqFT28_S","from_name":"cycel_label","to_name":"ts","type":"timeserieslabels"},{"value":{"start":9709,"end":9806,"instant":false,"timeserieslabels":["Cycle1"]},"id":"42NZStZIWt","from_name":"cycel_label","to_name":"ts","type":"timeserieslabels"},{"value":{"start":9844,"end":9924,"instant":false,"timeserieslabels":["Cycle1"]},"id":"oNMrEfnzZe","from_name":"cycel_label","to_name":"ts","type":"timeserieslabels"},{"value":{"start":9947,"end":10036,"instant":false,"timeserieslabels":["Cycle1"]},"id":"1h_3wTBIlS","from_name":"cycel_label","to_name":"ts","type":"timeserieslabels"},{"value":{"start":10090,"end":10188,"instant":false,"timeserieslabels":["Cycle1"]},"id":"XVksI1V4DG","from_name":"cycel_label","to_name":"ts","type":"timeserieslabels"},{"value":{"start":10219,"end":10323,"instant":false,"timeserieslabels":["Cycle1"]},"id":"jYRnKSBNAP","from_name":"cycel_label","to_name":"ts","type":"timeserieslabels"},{"value":{"start":10346,"end":10440,"instant":false,"timeserieslabels":["Cycle1"]},"id":"ie2wdp580z","from_name":"cycel_label","to_name":"ts","type":"timeserieslabels"},{"value":{"start":9531,"end":9560,"instant":false,"timeserieslabels":["Cycle2"]},"id":"QjW5xg-srt","from_name":"cycel_label","to_name":"ts","type":"timeserieslabels"},{"value":{"start":10044,"end":10082,"instant":false,"timeserieslabels":["Cycle2"]},"id":"RT9A3wVcCq","from_name":"cycel_label","to_name":"ts","type":"timeserieslabels"},{"value":{"start":10506,"end":10601,"instant":false,"timeserieslabels":["Cycle1"]},"id":"RttUAANy9w","from_name":"cycel_label","to_name":"ts","type":"timeserieslabels"},{"value":{"start":10624,"end":10704,"instant":false,"timeserieslabels":["Cycle1"]},"id":"F9OH1Y_lL_","from_name":"cycel_label","to_name":"ts","type":"timeserieslabels"},{"value":{"start":10716,"end":10753,"instant":false,"timeserieslabels":["Cycle2"]},"id":"6DInKnxYQJ","from_name":"cycel_label","to_name":"ts","type":"timeserieslabels"},{"value":{"start":10762,"end":10848,"instant":false,"timeserieslabels":["Cycle1"]},"id":"afWDKMQS6B","from_name":"cycel_label","to_name":"ts","type":"timeserieslabels"},{"value":{"start":10897,"end":10974,"instant":false,"timeserieslabels":["Cycle1"]},"id":"Azlm_vXtbr","from_name":"cycel_label","to_name":"ts","type":"timeserieslabels"},{"value":{"start":11000,"end":11092,"instant":false,"timeserieslabels":["Cycle1"]},"id":"Cp9dAxpCS1","from_name":"cycel_label","to_name":"ts","type":"timeserieslabels"},{"value":{"start":11115,"end":11206,"instant":false,"timeserieslabels":["Cycle1"]},"id":"Ux0PJoVB0p","from_name":"cycel_label","to_name":"ts","type":"timeserieslabels"},{"value":{"start":11244,"end":11316,"instant":false,"timeserieslabels":["Cycle1"]},"id":"tsuxOQz4pV","from_name":"cycel_label","to_name":"ts","type":"timeserieslabels"},{"value":{"start":11404,"end":11485,"instant":false,"timeserieslabels":["Cycle1"]},"id":"sFpE8-Fl-F","from_name":"cycel_label","to_name":"ts","type":"timeserieslabels"},{"value":{"start":11522,"end":11611,"instant":false,"timeserieslabels":["Cycle1"]},"id":"6KaFKhN8tC","from_name":"cycel_label","to_name":"ts","type":"timeserieslabels"},{"value":{"start":11648,"end":11740,"instant":false,"timeserieslabels":["Cycle1"]},"id":"dns-r4hUyt","from_name":"cycel_label","to_name":"ts","type":"timeserieslabels"},{"value":{"start":11780,"end":11869,"instant":false,"timeserieslabels":["Cycle1"]},"id":"lAFPEXCGiS","from_name":"cycel_label","to_name":"ts","type":"timeserieslabels"},{"value":{"start":11909,"end":11990,"instant":false,"timeserieslabels":["Cycle1"]},"id":"HLd0avgD_C","from_name":"cycel_label","to_name":"ts","type":"timeserieslabels"},{"value":{"start":12093,"end":12170,"instant":false,"timeserieslabels":["Cycle1"]},"id":"Lyof3He3Oo","from_name":"cycel_label","to_name":"ts","type":"timeserieslabels"},{"value":{"start":10859,"end":10894,"instant":false,"timeserieslabels":["Cycle2"]},"id":"oJDOTbJxYQ","from_name":"cycel_label","to_name":"ts","type":"timeserieslabels"},{"value":{"start":11336,"end":11387,"instant":false,"timeserieslabels":["Cycle2"]},"id":"S0tHRPvHt0","from_name":"cycel_label","to_name":"ts","type":"timeserieslabels"},{"value":{"start":12010,"end":12056,"instant":false,"timeserieslabels":["Cycle2"]},"id":"K9_k9oRR08","from_name":"cycel_label","to_name":"ts","type":"timeserieslabels"},{"value":{"start":12222,"end":12285,"instant":false,"timeserieslabels":["Cycle1"]},"id":"m0o2wjAOq4","from_name":"cycel_label","to_name":"ts","type":"timeserieslabels"},{"value":{"start":12179,"end":12211,"instant":false,"timeserieslabels":["Cycle2"]},"id":"GNrcSFtQ7p","from_name":"cycel_label","to_name":"ts","type":"timeserieslabels"},{"value":{"start":12348,"end":12437,"instant":false,"timeserieslabels":["Cycle1"]},"id":"7XkKpzyvKp","from_name":"cycel_label","to_name":"ts","type":"timeserieslabels"},{"value":{"start":12463,"end":12552,"instant":false,"timeserieslabels":["Cycle1"]},"id":"OAnN40hGZZ","from_name":"cycel_label","to_name":"ts","type":"timeserieslabels"},{"value":{"start":12647,"end":12730,"instant":false,"timeserieslabels":["Cycle1"]},"id":"AkPRTzUwOX","from_name":"cycel_label","to_name":"ts","type":"timeserieslabels"},{"value":{"start":12756,"end":12833,"instant":false,"timeserieslabels":["Cycle1"]},"id":"Trj95dYM0F","from_name":"cycel_label","to_name":"ts","type":"timeserieslabels"},{"value":{"start":12842,"end":12876,"instant":false,"timeserieslabels":["Cycle2"]},"id":"pyP1zVbQxr","from_name":"cycel_label","to_name":"ts","type":"timeserieslabels"},{"value":{"start":12891,"end":12968,"instant":false,"timeserieslabels":["Cycle1"]},"id":"glT05BNitH","from_name":"cycel_label","to_name":"ts","type":"timeserieslabels"},{"value":{"start":13025,"end":13109,"instant":false,"timeserieslabels":["Cycle1"]},"id":"JTstZK-Hqm","from_name":"cycel_label","to_name":"ts","type":"timeserieslabels"},{"value":{"start":13155,"end":13240,"instant":false,"timeserieslabels":["Cycle1"]},"id":"yE2YRCslpo","from_name":"cycel_label","to_name":"ts","type":"timeserieslabels"},{"value":{"start":12305,"end":12343,"instant":false,"timeserieslabels":["Cycle2"]},"id":"W9KMBPL1o-","from_name":"cycel_label","to_name":"ts","type":"timeserieslabels"},{"value":{"start":13319,"end":13405,"instant":false,"timeserieslabels":["Cycle1"]},"id":"-nAeMrZNoI","from_name":"cycel_label","to_name":"ts","type":"timeserieslabels"},{"value":{"start":13431,"end":13520,"instant":false,"timeserieslabels":["Cycle1"]},"id":"t4d3cFaVZo","from_name":"cycel_label","to_name":"ts","type":"timeserieslabels"},{"value":{"start":13563,"end":13652,"instant":false,"timeserieslabels":["Cycle1"]},"id":"croVzytiCd","from_name":"cycel_label","to_name":"ts","type":"timeserieslabels"},{"value":{"start":13675,"end":13758,"instant":false,"timeserieslabels":["Cycle1"]},"id":"FSEjKMI21t","from_name":"cycel_label","to_name":"ts","type":"timeserieslabels"},{"value":{"start":13798,"end":13861,"instant":false,"timeserieslabels":["Cycle1"]},"id":"z7m9EOpkKE","from_name":"cycel_label","to_name":"ts","type":"timeserieslabels"},{"value":{"start":13882,"end":13993,"instant":false,"timeserieslabels":["Cycle1"]},"id":"4ta306JImk","from_name":"cycel_label","to_name":"ts","type":"timeserieslabels"},{"value":{"start":14028,"end":14128,"instant":false,"timeserieslabels":["Cycle1"]},"id":"n8lo08vovA","from_name":"cycel_label","to_name":"ts","type":"timeserieslabels"},{"value":{"start":14180,"end":14306,"instant":false,"timeserieslabels":["Cycle1"]},"id":"1RFujxNB0_","from_name":"cycel_label","to_name":"ts","type":"timeserieslabels"},{"value":{"start":14358,"end":14441,"instant":false,"timeserieslabels":["Cycle1"]},"id":"4_eYAUX5FH","from_name":"cycel_label","to_name":"ts","type":"timeserieslabels"},{"value":{"start":14498,"end":14587,"instant":false,"timeserieslabels":["Cycle1"]},"id":"R_HiylXrra","from_name":"cycel_label","to_name":"ts","type":"timeserieslabels"},{"value":{"start":14622,"end":14713,"instant":false,"timeserieslabels":["Cycle1"]},"id":"XUxRUv3q5p","from_name":"cycel_label","to_name":"ts","type":"timeserieslabels"},{"value":{"start":14788,"end":14863,"instant":false,"timeserieslabels":["Cycle1"]},"id":"F7Sbr7jakv","from_name":"cycel_label","to_name":"ts","type":"timeserieslabels"},{"value":{"start":14883,"end":14992,"instant":false,"timeserieslabels":["Cycle1"]},"id":"524QoHAyjh","from_name":"cycel_label","to_name":"ts","type":"timeserieslabels"},{"value":{"start":15035,"end":15130,"instant":false,"timeserieslabels":["Cycle1"]},"id":"teE9cOwiiv","from_name":"cycel_label","to_name":"ts","type":"timeserieslabels"},{"value":{"start":15150,"end":15213,"instant":false,"timeserieslabels":["Cycle1"]},"id":"f0mwLc971W","from_name":"cycel_label","to_name":"ts","type":"timeserieslabels"},{"value":{"start":15253,"end":15336,"instant":false,"timeserieslabels":["Cycle1"]},"id":"TOvFnhIKyI","from_name":"cycel_label","to_name":"ts","type":"timeserieslabels"},{"value":{"start":15385,"end":15477,"instant":false,"timeserieslabels":["Cycle1"]},"id":"0lwjSOxhrL","from_name":"cycel_label","to_name":"ts","type":"timeserieslabels"},{"value":{"start":15488,"end":15566,"instant":false,"timeserieslabels":["Cycle1"]},"id":"AQYu4UqEQY","from_name":"cycel_label","to_name":"ts","type":"timeserieslabels"},{"value":{"start":14728,"end":14782,"instant":false,"timeserieslabels":["Cycle2"]},"id":"h1_jdCJeHl","from_name":"cycel_label","to_name":"ts","type":"timeserieslabels"},{"value":{"start":14137,"end":14174,"instant":false,"timeserieslabels":["Cycle2"]},"id":"5PgcshX7Es","from_name":"cycel_label","to_name":"ts","type":"timeserieslabels"},{"value":{"start":15345,"end":15376,"instant":false,"timeserieslabels":["Cycle2"]},"id":"7ge30IIc_0","from_name":"cycel_label","to_name":"ts","type":"timeserieslabels"},{"value":{"start":15893,"end":15930,"instant":false,"timeserieslabels":["Cycle2"]},"id":"XykowSRBsP","from_name":"cycel_label","to_name":"ts","type":"timeserieslabels"},{"value":{"start":15580,"end":15652,"instant":false,"timeserieslabels":["Cycle1"]},"id":"foR0qGg5PK","from_name":"cycel_label","to_name":"ts","type":"timeserieslabels"},{"value":{"start":15675,"end":15761,"instant":false,"timeserieslabels":["Cycle1"]},"id":"EdfkX72R1j","from_name":"cycel_label","to_name":"ts","type":"timeserieslabels"},{"value":{"start":15792,"end":15884,"instant":false,"timeserieslabels":["Cycle1"]},"id":"ZHg6maK1g-","from_name":"cycel_label","to_name":"ts","type":"timeserieslabels"},{"value":{"start":15970,"end":16048,"instant":false,"timeserieslabels":["Cycle1"]},"id":"P8DmywGPZA","from_name":"cycel_label","to_name":"ts","type":"timeserieslabels"},{"value":{"start":16062,"end":16137,"instant":false,"timeserieslabels":["Cycle1"]},"id":"7hltFmcs3I","from_name":"cycel_label","to_name":"ts","type":"timeserieslabels"},{"value":{"start":16165,"end":16251,"instant":false,"timeserieslabels":["Cycle1"]},"id":"dw17anMc-l","from_name":"cycel_label","to_name":"ts","type":"timeserieslabels"},{"value":{"start":16289,"end":16366,"instant":false,"timeserieslabels":["Cycle1"]},"id":"xNzdsLeopD","from_name":"cycel_label","to_name":"ts","type":"timeserieslabels"},{"value":{"start":16424,"end":16501,"instant":false,"timeserieslabels":["Cycle1"]},"id":"1Sj3tDTINK","from_name":"cycel_label","to_name":"ts","type":"timeserieslabels"},{"value":{"start":16524,"end":16593,"instant":false,"timeserieslabels":["Cycle1"]},"id":"DHsJ6qc0ur","from_name":"cycel_label","to_name":"ts","type":"timeserieslabels"},{"value":{"start":16610,"end":16685,"instant":false,"timeserieslabels":["Cycle1"]},"id":"qhCkWpKmWv","from_name":"cycel_label","to_name":"ts","type":"timeserieslabels"},{"value":{"start":16768,"end":16842,"instant":false,"timeserieslabels":["Cycle1"]},"id":"5SNhDol6tq","from_name":"cycel_label","to_name":"ts","type":"timeserieslabels"},{"value":{"start":16874,"end":16951,"instant":false,"timeserieslabels":["Cycle1"]},"id":"8_8DIxS_YK","from_name":"cycel_label","to_name":"ts","type":"timeserieslabels"},{"value":{"start":16997,"end":17081,"instant":false,"timeserieslabels":["Cycle1"]},"id":"-7jkQX5Cxu","from_name":"cycel_label","to_name":"ts","type":"timeserieslabels"},{"value":{"start":17141,"end":17221,"instant":false,"timeserieslabels":["Cycle1"]},"id":"i7SSWIPYKy","from_name":"cycel_label","to_name":"ts","type":"timeserieslabels"},{"value":{"start":17276,"end":17376,"instant":false,"timeserieslabels":["Cycle1"]},"id":"1tMmbMYkLO","from_name":"cycel_label","to_name":"ts","type":"timeserieslabels"},{"value":{"start":16381,"end":16418,"instant":false,"timeserieslabels":["Cycle2"]},"id":"YdJakGtX8r","from_name":"cycel_label","to_name":"ts","type":"timeserieslabels"},{"value":{"start":17400,"end":17483,"instant":false,"timeserieslabels":["Cycle1"]},"id":"GJjMLegMQW","from_name":"cycel_label","to_name":"ts","type":"timeserieslabels"},{"value":{"start":17532,"end":17607,"instant":false,"timeserieslabels":["Cycle1"]},"id":"_5Vy8zvaoz","from_name":"cycel_label","to_name":"ts","type":"timeserieslabels"},{"value":{"start":17644,"end":17730,"instant":false,"timeserieslabels":["Cycle1"]},"id":"cj3pVr8taw","from_name":"cycel_label","to_name":"ts","type":"timeserieslabels"},{"value":{"start":17799,"end":17874,"instant":false,"timeserieslabels":["Cycle1"]},"id":"dnwjIUaQ5F","from_name":"cycel_label","to_name":"ts","type":"timeserieslabels"},{"value":{"start":17891,"end":17980,"instant":false,"timeserieslabels":["Cycle1"]},"id":"FImfAkfhzC","from_name":"cycel_label","to_name":"ts","type":"timeserieslabels"},{"value":{"start":18052,"end":18140,"instant":false,"timeserieslabels":["Cycle1"]},"id":"BE1O954fax","from_name":"cycel_label","to_name":"ts","type":"timeserieslabels"},{"value":{"start":18209,"end":18310,"instant":false,"timeserieslabels":["Cycle1"]},"id":"5dRMiHTb4C","from_name":"cycel_label","to_name":"ts","type":"timeserieslabels"},{"value":{"start":18336,"end":18424,"instant":false,"timeserieslabels":["Cycle1"]},"id":"WSHwvf3Rkf","from_name":"cycel_label","to_name":"ts","type":"timeserieslabels"},{"value":{"start":18479,"end":18562,"instant":false,"timeserieslabels":["Cycle1"]},"id":"vOxNDhN_8N","from_name":"cycel_label","to_name":"ts","type":"timeserieslabels"},{"value":{"start":18602,"end":18683,"instant":false,"timeserieslabels":["Cycle1"]},"id":"WAQ93u19Qt","from_name":"cycel_label","to_name":"ts","type":"timeserieslabels"},{"value":{"start":18740,"end":18806,"instant":false,"timeserieslabels":["Cycle1"]},"id":"9vJZ929Zoe","from_name":"cycel_label","to_name":"ts","type":"timeserieslabels"},{"value":{"start":18843,"end":18929,"instant":false,"timeserieslabels":["Cycle1"]},"id":"TVTdjsxjRx","from_name":"cycel_label","to_name":"ts","type":"timeserieslabels"},{"value":{"start":18993,"end":19070,"instant":false,"timeserieslabels":["Cycle1"]},"id":"bXsczjnpaN","from_name":"cycel_label","to_name":"ts","type":"timeserieslabels"},{"value":{"start":19110,"end":19202,"instant":false,"timeserieslabels":["Cycle1"]},"id":"NGFsjxx1eg","from_name":"cycel_label","to_name":"ts","type":"timeserieslabels"},{"value":{"start":19228,"end":19314,"instant":false,"timeserieslabels":["Cycle1"]},"id":"GpnI_zzrOI","from_name":"cycel_label","to_name":"ts","type":"timeserieslabels"},{"value":{"start":19363,"end":19437,"instant":false,"timeserieslabels":["Cycle1"]},"id":"tkpEf7M3qs","from_name":"cycel_label","to_name":"ts","type":"timeserieslabels"},{"value":{"start":19512,"end":19584,"instant":false,"timeserieslabels":["Cycle1"]},"id":"bsajIzd5YY","from_name":"cycel_label","to_name":"ts","type":"timeserieslabels"},{"value":{"start":19627,"end":19718,"instant":false,"timeserieslabels":["Cycle1"]},"id":"ZBhO2P88TY","from_name":"cycel_label","to_name":"ts","type":"timeserieslabels"},{"value":{"start":19787,"end":19859,"instant":false,"timeserieslabels":["Cycle1"]},"id":"uiwBhtNtQ2","from_name":"cycel_label","to_name":"ts","type":"timeserieslabels"},{"value":{"start":19885,"end":19959,"instant":false,"timeserieslabels":["Cycle1"]},"id":"iHBEtjXlH-","from_name":"cycel_label","to_name":"ts","type":"timeserieslabels"},{"value":{"start":20017,"end":20106,"instant":false,"timeserieslabels":["Cycle1"]},"id":"gRdGI0D2hg","from_name":"cycel_label","to_name":"ts","type":"timeserieslabels"},{"value":{"start":20183,"end":20264,"instant":false,"timeserieslabels":["Cycle1"]},"id":"TRk2vaA0zX","from_name":"cycel_label","to_name":"ts","type":"timeserieslabels"},{"value":{"start":17492,"end":17521,"instant":false,"timeserieslabels":["Cycle2"]},"id":"O3RUtIlUdx","from_name":"cycel_label","to_name":"ts","type":"timeserieslabels"},{"value":{"start":17742,"end":17785,"instant":false,"timeserieslabels":["Cycle2"]},"id":"Zep3eWcNsi","from_name":"cycel_label","to_name":"ts","type":"timeserieslabels"},{"value":{"start":17991,"end":18029,"instant":false,"timeserieslabels":["Cycle2"]},"id":"av3zua8QzQ","from_name":"cycel_label","to_name":"ts","type":"timeserieslabels"},{"value":{"start":18433,"end":18465,"instant":false,"timeserieslabels":["Cycle2"]},"id":"9aJpNI8YyU","from_name":"cycel_label","to_name":"ts","type":"timeserieslabels"},{"value":{"start":18938,"end":18978,"instant":false,"timeserieslabels":["Cycle2"]},"id":"VMe9EbWI6I","from_name":"cycel_label","to_name":"ts","type":"timeserieslabels"},{"value":{"start":19460,"end":19495,"instant":false,"timeserieslabels":["Cycle2"]},"id":"40thf8zlWm","from_name":"cycel_label","to_name":"ts","type":"timeserieslabels"},{"value":{"start":19589,"end":19621,"instant":false,"timeserieslabels":["Cycle2"]},"id":"KtM0-BUr8G","from_name":"cycel_label","to_name":"ts","type":"timeserieslabels"},{"value":{"start":19971,"end":20005,"instant":false,"timeserieslabels":["Cycle2"]},"id":"Z-2Qo5vSVR","from_name":"cycel_label","to_name":"ts","type":"timeserieslabels"},{"value":{"start":20272,"end":20301,"instant":false,"timeserieslabels":["Cycle2"]},"id":"PfymZ5YoPt","from_name":"cycel_label","to_name":"ts","type":"timeserieslabels"},{"value":{"start":20407,"end":20479,"instant":false,"timeserieslabels":["Cycle1"]},"id":"gV69FUmQKT","from_name":"cycel_label","to_name":"ts","type":"timeserieslabels"},{"value":{"start":20528,"end":20614,"instant":false,"timeserieslabels":["Cycle1"]},"id":"sbEbtlkx_j","from_name":"cycel_label","to_name":"ts","type":"timeserieslabels"},{"value":{"start":20634,"end":20680,"instant":false,"timeserieslabels":["Cycle2"]},"id":"F3Upj6q4U4","from_name":"cycel_label","to_name":"ts","type":"timeserieslabels"},{"value":{"start":20700,"end":20797,"instant":false,"timeserieslabels":["Cycle1"]},"id":"njDmPmEVUv","from_name":"cycel_label","to_name":"ts","type":"timeserieslabels"},{"value":{"start":20843,"end":20938,"instant":false,"timeserieslabels":["Cycle1"]},"id":"HIP-mTqGMy","from_name":"cycel_label","to_name":"ts","type":"timeserieslabels"},{"value":{"start":20998,"end":21090,"instant":false,"timeserieslabels":["Cycle1"]},"id":"_Ut6KabTtr","from_name":"cycel_label","to_name":"ts","type":"timeserieslabels"},{"value":{"start":21113,"end":21233,"instant":false,"timeserieslabels":["Cycle1"]},"id":"4jXUwVr_m0","from_name":"cycel_label","to_name":"ts","type":"timeserieslabels"},{"value":{"start":21265,"end":21339,"instant":false,"timeserieslabels":["Cycle1"]},"id":"YGNgHFJ3aG","from_name":"cycel_label","to_name":"ts","type":"timeserieslabels"},{"value":{"start":21348,"end":21377,"instant":false,"timeserieslabels":["Cycle2"]},"id":"iUKcFMh57k","from_name":"cycel_label","to_name":"ts","type":"timeserieslabels"},{"value":{"start":21394,"end":21457,"instant":false,"timeserieslabels":["Cycle1"]},"id":"RfcXnYdw6A","from_name":"cycel_label","to_name":"ts","type":"timeserieslabels"},{"value":{"start":21480,"end":21569,"instant":false,"timeserieslabels":["Cycle1"]},"id":"CzrY-bFJt8","from_name":"cycel_label","to_name":"ts","type":"timeserieslabels"},{"value":{"start":21580,"end":21618,"instant":false,"timeserieslabels":["Cycle2"]},"id":"MKqERVG-jH","from_name":"cycel_label","to_name":"ts","type":"timeserieslabels"},{"value":{"start":21630,"end":21716,"instant":false,"timeserieslabels":["Cycle1"]},"id":"SiSBx6jagv","from_name":"cycel_label","to_name":"ts","type":"timeserieslabels"},{"value":{"start":21756,"end":21836,"instant":false,"timeserieslabels":["Cycle1"]},"id":"FBATlRqzFu","from_name":"cycel_label","to_name":"ts","type":"timeserieslabels"},{"value":{"start":21851,"end":21879,"instant":false,"timeserieslabels":["Cycle2"]},"id":"aSF_R_K6Iy","from_name":"cycel_label","to_name":"ts","type":"timeserieslabels"},{"value":{"start":21888,"end":21957,"instant":false,"timeserieslabels":["Cycle1"]},"id":"625VgI7GFe","from_name":"cycel_label","to_name":"ts","type":"timeserieslabels"},{"value":{"start":21966,"end":22000,"instant":false,"timeserieslabels":["Cycle2"]},"id":"1EpvYjoTmP","from_name":"cycel_label","to_name":"ts","type":"timeserieslabels"},{"value":{"start":22014,"end":22095,"instant":false,"timeserieslabels":["Cycle1"]},"id":"vlQtfsZiJj","from_name":"cycel_label","to_name":"ts","type":"timeserieslabels"},{"value":{"start":22155,"end":22241,"instant":false,"timeserieslabels":["Cycle1"]},"id":"Qb9YceXEgw","from_name":"cycel_label","to_name":"ts","type":"timeserieslabels"},{"value":{"start":22336,"end":22413,"instant":false,"timeserieslabels":["Cycle1"]},"id":"NOvz1YFOUt","from_name":"cycel_label","to_name":"ts","type":"timeserieslabels"},{"value":{"start":22456,"end":22534,"instant":false,"timeserieslabels":["Cycle1"]},"id":"JJcct5HQ0Q","from_name":"cycel_label","to_name":"ts","type":"timeserieslabels"},{"value":{"start":22577,"end":22654,"instant":false,"timeserieslabels":["Cycle1"]},"id":"NJZqOLBBwQ","from_name":"cycel_label","to_name":"ts","type":"timeserieslabels"},{"value":{"start":22663,"end":22694,"instant":false,"timeserieslabels":["Cycle2"]},"id":"IglrVV_Kh7","from_name":"cycel_label","to_name":"ts","type":"timeserieslabels"},{"value":{"start":22720,"end":22798,"instant":false,"timeserieslabels":["Cycle1"]},"id":"IjKg8h7FoG","from_name":"cycel_label","to_name":"ts","type":"timeserieslabels"},{"value":{"start":22835,"end":22924,"instant":false,"timeserieslabels":["Cycle1"]},"id":"GXN4gWq9h1","from_name":"cycel_label","to_name":"ts","type":"timeserieslabels"},{"value":{"start":22970,"end":23041,"instant":false,"timeserieslabels":["Cycle1"]},"id":"JTZRDDkRK8","from_name":"cycel_label","to_name":"ts","type":"timeserieslabels"},{"value":{"start":23053,"end":23084,"instant":false,"timeserieslabels":["Cycle2"]},"id":"LzmSEkQFty","from_name":"cycel_label","to_name":"ts","type":"timeserieslabels"},{"value":{"start":23099,"end":23188,"instant":false,"timeserieslabels":["Cycle1"]},"id":"7AgzgypviW","from_name":"cycel_label","to_name":"ts","type":"timeserieslabels"},{"value":{"start":23268,"end":23337,"instant":false,"timeserieslabels":["Cycle1"]},"id":"f7DWg4pn_L","from_name":"cycel_label","to_name":"ts","type":"timeserieslabels"},{"value":{"start":23346,"end":23383,"instant":false,"timeserieslabels":["Cycle2"]},"id":"MitpBjy26v","from_name":"cycel_label","to_name":"ts","type":"timeserieslabels"},{"value":{"start":23394,"end":23463,"instant":false,"timeserieslabels":["Cycle1"]},"id":"x4bDPEQtWW","from_name":"cycel_label","to_name":"ts","type":"timeserieslabels"},{"value":{"start":23478,"end":23552,"instant":false,"timeserieslabels":["Cycle1"]},"id":"M_B-wPNAS2","from_name":"cycel_label","to_name":"ts","type":"timeserieslabels"},{"value":{"start":23561,"end":23607,"instant":false,"timeserieslabels":["Cycle2"]},"id":"KI1mUy-ylu","from_name":"cycel_label","to_name":"ts","type":"timeserieslabels"},{"value":{"start":23621,"end":23707,"instant":false,"timeserieslabels":["Cycle1"]},"id":"caDZ45XpUo","from_name":"cycel_label","to_name":"ts","type":"timeserieslabels"},{"value":{"start":23759,"end":23865,"instant":false,"timeserieslabels":["Cycle1"]},"id":"b2MR_uA6UX","from_name":"cycel_label","to_name":"ts","type":"timeserieslabels"},{"value":{"start":23905,"end":24003,"instant":false,"timeserieslabels":["Cycle1"]},"id":"RC-zu2vHjm","from_name":"cycel_label","to_name":"ts","type":"timeserieslabels"},{"value":{"start":24023,"end":24117,"instant":false,"timeserieslabels":["Cycle1"]},"id":"b1l4TEdgHD","from_name":"cycel_label","to_name":"ts","type":"timeserieslabels"},{"value":{"start":24129,"end":24180,"instant":false,"timeserieslabels":["Cycle2"]},"id":"KAsW_MOkXv","from_name":"cycel_label","to_name":"ts","type":"timeserieslabels"},{"value":{"start":24186,"end":24267,"instant":false,"timeserieslabels":["Cycle1"]},"id":"lwQrBWAy_b","from_name":"cycel_label","to_name":"ts","type":"timeserieslabels"},{"value":{"start":24341,"end":24430,"instant":false,"timeserieslabels":["Cycle1"]},"id":"3PNuM3oik2","from_name":"cycel_label","to_name":"ts","type":"timeserieslabels"},{"value":{"start":24439,"end":24505,"instant":false,"timeserieslabels":["Cycle1"]},"id":"ve53OxJ_75","from_name":"cycel_label","to_name":"ts","type":"timeserieslabels"},{"value":{"start":24516,"end":24556,"instant":false,"timeserieslabels":["Cycle2"]},"id":"PKnie6c4_F","from_name":"cycel_label","to_name":"ts","type":"timeserieslabels"},{"value":{"start":24576,"end":24662,"instant":false,"timeserieslabels":["Cycle1"]},"id":"rubqCRrRBz","from_name":"cycel_label","to_name":"ts","type":"timeserieslabels"},{"value":{"start":24706,"end":24783,"instant":false,"timeserieslabels":["Cycle1"]},"id":"2GsiiUliRl","from_name":"cycel_label","to_name":"ts","type":"timeserieslabels"}],"was_cancelled":false,"ground_truth":false,"created_at":"2021-08-09T04:32:33.696985Z","updated_at":"2021-08-09T04:32:33.697014Z","lead_time":659.034,"prediction":{},"result_count":0,"task":19}],"predictions":[],"file_upload":"tyson_data_mar26_DE_19_D2_0C_10_FD_wo_anomaly_to_label_aUposE0.csv","data":{"csv_url":"\/data\/upload\/tyson_data_mar26_DE_19_D2_0C_10_FD_wo_anomaly_to_label_aUposE0.csv"},"meta":{},"created_at":"2021-08-06T17:12:43.851288Z","updated_at":"2021-08-06T17:12:43.851329Z","project":9}]