[{"id":16,"annotations":[{"id":5,"completed_by":{"id":1,"email":"ci.zhang@iteratelabs.co","first_name":"","last_name":""},"result":[{"value":{"start":216,"end":318,"instant":false,"timeserieslabels":["Cycle1"]},"id":"moxRKm1n_r","from_name":"cycel_label","to_name":"ts","type":"timeserieslabels"},{"value":{"start":95,"end":203,"instant":false,"timeserieslabels":["Cycle1"]},"id":"NSE9mPfPRG","from_name":"cycel_label","to_name":"ts","type":"timeserieslabels"},{"value":{"start":331,"end":424,"instant":false,"timeserieslabels":["Cycle1"]},"id":"Gs3IeEyHcF","from_name":"cycel_label","to_name":"ts","type":"timeserieslabels"},{"value":{"start":502,"end":589,"instant":false,"timeserieslabels":["Cycle1"]},"id":"p1u-2zXcBb","from_name":"cycel_label","to_name":"ts","type":"timeserieslabels"},{"value":{"start":722,"end":825,"instant":false,"timeserieslabels":["Cycle1"]},"id":"vqY66OwnXd","from_name":"cycel_label","to_name":"ts","type":"timeserieslabels"},{"value":{"start":924,"end":1014,"instant":false,"timeserieslabels":["Cycle1"]},"id":"uNOGolsXQZ","from_name":"cycel_label","to_name":"ts","type":"timeserieslabels"},{"value":{"start":1098,"end":1185,"instant":false,"timeserieslabels":["Cycle1"]},"id":"1vojH1H2K2","from_name":"cycel_label","to_name":"ts","type":"timeserieslabels"},{"value":{"start":1247,"end":1334,"instant":false,"timeserieslabels":["Cycle1"]},"id":"MQcYZm4VQj","from_name":"cycel_label","to_name":"ts","type":"timeserieslabels"},{"value":{"start":1399,"end":1486,"instant":false,"timeserieslabels":["Cycle1"]},"id":"0JcrZAYsfh","from_name":"cycel_label","to_name":"ts","type":"timeserieslabels"},{"value":{"start":1567,"end":1667,"instant":false,"timeserieslabels":["Cycle1"]},"id":"6_Py2RkA9r","from_name":"cycel_label","to_name":"ts","type":"timeserieslabels"},{"value":{"start":1707,"end":1781,"instant":false,"timeserieslabels":["Cycle1"]},"id":"0TpwoKEqZe","from_name":"cycel_label","to_name":"ts","type":"timeserieslabels"},{"value":{"start":1837,"end":1943,"instant":false,"timeserieslabels":["Cycle1"]},"id":"D7Tg9sX80Y","from_name":"cycel_label","to_name":"ts","type":"timeserieslabels"},{"value":{"start":1996,"end":2095,"instant":false,"timeserieslabels":["Cycle1"]},"id":"_6PKhwCGC0","from_name":"cycel_label","to_name":"ts","type":"timeserieslabels"},{"value":{"start":2105,"end":2179,"instant":false,"timeserieslabels":["Cycle1"]},"id":"7nFvzhQKyy","from_name":"cycel_label","to_name":"ts","type":"timeserieslabels"},{"value":{"start":2266,"end":2365,"instant":false,"timeserieslabels":["Cycle1"]},"id":"7TsNoRGADk","from_name":"cycel_label","to_name":"ts","type":"timeserieslabels"},{"value":{"start":2418,"end":2493,"instant":false,"timeserieslabels":["Cycle1"]},"id":"21cDW6rf9f","from_name":"cycel_label","to_name":"ts","type":"timeserieslabels"},{"value":{"start":2515,"end":2608,"instant":false,"timeserieslabels":["Cycle1"]},"id":"yPoWr4sR7c","from_name":"cycel_label","to_name":"ts","type":"timeserieslabels"},{"value":{"start":2642,"end":2723,"instant":false,"timeserieslabels":["Cycle1"]},"id":"VFOYoH1Uz6","from_name":"cycel_label","to_name":"ts","type":"timeserieslabels"},{"value":{"start":2769,"end":2853,"instant":false,"timeserieslabels":["Cycle1"]},"id":"HFgdGlBpa2","from_name":"cycel_label","to_name":"ts","type":"timeserieslabels"},{"value":{"start":2918,"end":3002,"instant":false,"timeserieslabels":["Cycle1"]},"id":"MSjpdsnvHH","from_name":"cycel_label","to_name":"ts","type":"timeserieslabels"},{"value":{"start":3040,"end":3130,"instant":false,"timeserieslabels":["Cycle1"]},"id":"HkBaZpJXnz","from_name":"cycel_label","to_name":"ts","type":"timeserieslabels"},{"value":{"start":3158,"end":3229,"instant":false,"timeserieslabels":["Cycle1"]},"id":"M6jbm9CVY4","from_name":"cycel_label","to_name":"ts","type":"timeserieslabels"},{"value":{"start":3294,"end":3363,"instant":false,"timeserieslabels":["Cycle1"]},"id":"b-vZeztbW4","from_name":"cycel_label","to_name":"ts","type":"timeserieslabels"},{"value":{"start":3400,"end":3486,"instant":false,"timeserieslabels":["Cycle1"]},"id":"UuH_pcGqyX","from_name":"cycel_label","to_name":"ts","type":"timeserieslabels"},{"value":{"start":436,"end":492,"instant":false,"timeserieslabels":["Cycle2"]},"id":"36cKJbVrfi","from_name":"cycel_label","to_name":"ts","type":"timeserieslabels"},{"value":{"start":607,"end":666,"instant":false,"timeserieslabels":["Cycle2"]},"id":"076zZmvP0T","from_name":"cycel_label","to_name":"ts","type":"timeserieslabels"},{"value":{"start":1502,"end":1552,"instant":false,"timeserieslabels":["Cycle2"]},"id":"eWrn91qK0r","from_name":"cycel_label","to_name":"ts","type":"timeserieslabels"},{"value":{"start":1791,"end":1828,"instant":false,"timeserieslabels":["Cycle2"]},"id":"fkER9cG72P","from_name":"cycel_label","to_name":"ts","type":"timeserieslabels"},{"value":{"start":2189,"end":2244,"instant":false,"timeserieslabels":["Cycle2"]},"id":"fSI9jG_6nl","from_name":"cycel_label","to_name":"ts","type":"timeserieslabels"},{"value":{"start":2859,"end":2906,"instant":false,"timeserieslabels":["Cycle2"]},"id":"2kHKT4pj1U","from_name":"cycel_label","to_name":"ts","type":"timeserieslabels"},{"value":{"start":2729,"end":2760,"instant":false,"timeserieslabels":["Cycle2"]},"id":"agtl1ksKFN","from_name":"cycel_label","to_name":"ts","type":"timeserieslabels"},{"value":{"start":1188,"end":1229,"instant":false,"timeserieslabels":["Cycle2"]},"id":"qjiSRy594M","from_name":"cycel_label","to_name":"ts","type":"timeserieslabels"},{"value":{"start":3238,"end":3279,"instant":false,"timeserieslabels":["Cycle2"]},"id":"a0qiYYSd5I","from_name":"cycel_label","to_name":"ts","type":"timeserieslabels"},{"value":{"start":3373,"end":3394,"instant":false,"timeserieslabels":["Cycle2"]},"id":"lG5yPd3csB","from_name":"cycel_label","to_name":"ts","type":"timeserieslabels"},{"value":{"start":3593,"end":3674,"instant":false,"timeserieslabels":["Cycle1"]},"id":"7NMWHO1Lb9","from_name":"cycel_label","to_name":"ts","type":"timeserieslabels"},{"value":{"start":3764,"end":3830,"instant":false,"timeserieslabels":["Cycle1"]},"id":"Fup7esvLRo","from_name":"cycel_label","to_name":"ts","type":"timeserieslabels"},{"value":{"start":3879,"end":3966,"instant":false,"timeserieslabels":["Cycle1"]},"id":"9VL4L0VMzn","from_name":"cycel_label","to_name":"ts","type":"timeserieslabels"},{"value":{"start":3975,"end":4059,"instant":false,"timeserieslabels":["Cycle1"]},"id":"oq1mHh8bun","from_name":"cycel_label","to_name":"ts","type":"timeserieslabels"},{"value":{"start":4100,"end":4205,"instant":false,"timeserieslabels":["Cycle1"]},"id":"k0OdvaZv75","from_name":"cycel_label","to_name":"ts","type":"timeserieslabels"},{"value":{"start":4215,"end":4305,"instant":false,"timeserieslabels":["Cycle1"]},"id":"pvmdUQfHfE","from_name":"cycel_label","to_name":"ts","type":"timeserieslabels"},{"value":{"start":4357,"end":4444,"instant":false,"timeserieslabels":["Cycle1"]},"id":"ilgmLDDfQ5","from_name":"cycel_label","to_name":"ts","type":"timeserieslabels"},{"value":{"start":4463,"end":4594,"instant":false,"timeserieslabels":["Cycle1"]},"id":"XtpROmKTCJ","from_name":"cycel_label","to_name":"ts","type":"timeserieslabels"},{"value":{"start":4603,"end":4699,"instant":false,"timeserieslabels":["Cycle1"]},"id":"0a6u9st3Cy","from_name":"cycel_label","to_name":"ts","type":"timeserieslabels"},{"value":{"start":4708,"end":4799,"instant":false,"timeserieslabels":["Cycle1"]},"id":"fu_NKtu2MR","from_name":"cycel_label","to_name":"ts","type":"timeserieslabels"},{"value":{"start":4842,"end":4935,"instant":false,"timeserieslabels":["Cycle1"]},"id":"D_cEVEFmp-","from_name":"cycel_label","to_name":"ts","type":"timeserieslabels"},{"value":{"start":4994,"end":5112,"instant":false,"timeserieslabels":["Cycle1"]},"id":"TKM57zWf6P","from_name":"cycel_label","to_name":"ts","type":"timeserieslabels"},{"value":{"start":5128,"end":5227,"instant":false,"timeserieslabels":["Cycle1"]},"id":"eSftOGvwuv","from_name":"cycel_label","to_name":"ts","type":"timeserieslabels"},{"value":{"start":5243,"end":5313,"instant":false,"timeserieslabels":["Cycle1"]},"id":"PTLGKrHPpF","from_name":"cycel_label","to_name":"ts","type":"timeserieslabels"},{"value":{"start":5383,"end":5468,"instant":false,"timeserieslabels":["Cycle1"]},"id":"8g5G-RTQM9","from_name":"cycel_label","to_name":"ts","type":"timeserieslabels"},{"value":{"start":3708,"end":3755,"instant":false,"timeserieslabels":["Cycle2"]},"id":"eksJQo-aC7","from_name":"cycel_label","to_name":"ts","type":"timeserieslabels"},{"value":{"start":3836,"end":3876,"instant":false,"timeserieslabels":["Cycle2"]},"id":"WPbEApMKQ_","from_name":"cycel_label","to_name":"ts","type":"timeserieslabels"},{"value":{"start":4062,"end":4097,"instant":false,"timeserieslabels":["Cycle2"]},"id":"ZLSsYd-KuD","from_name":"cycel_label","to_name":"ts","type":"timeserieslabels"},{"value":{"start":4308,"end":4351,"instant":false,"timeserieslabels":["Cycle2"]},"id":"TMaaFUD5Sp","from_name":"cycel_label","to_name":"ts","type":"timeserieslabels"},{"value":{"start":4945,"end":4988,"instant":false,"timeserieslabels":["Cycle2"]},"id":"3Xnizg4wyW","from_name":"cycel_label","to_name":"ts","type":"timeserieslabels"},{"value":{"start":5322,"end":5359,"instant":false,"timeserieslabels":["Cycle2"]},"id":"G19GDLvAyK","from_name":"cycel_label","to_name":"ts","type":"timeserieslabels"},{"value":{"start":5536,"end":5607,"instant":false,"timeserieslabels":["Cycle1"]},"id":"fSgP07W8ZR","from_name":"cycel_label","to_name":"ts","type":"timeserieslabels"},{"value":{"start":5616,"end":5660,"instant":false,"timeserieslabels":["Cycle2"]},"id":"sXR9WRqbVn","from_name":"cycel_label","to_name":"ts","type":"timeserieslabels"},{"value":{"start":5671,"end":5759,"instant":false,"timeserieslabels":["Cycle1"]},"id":"kjXl1ETkRN","from_name":"cycel_label","to_name":"ts","type":"timeserieslabels"},{"value":{"start":5798,"end":5885,"instant":false,"timeserieslabels":["Cycle1"]},"id":"5pScSTq2cB","from_name":"cycel_label","to_name":"ts","type":"timeserieslabels"},{"value":{"start":5913,"end":6005,"instant":false,"timeserieslabels":["Cycle1"]},"id":"hujDWOyY8e","from_name":"cycel_label","to_name":"ts","type":"timeserieslabels"},{"value":{"start":6056,"end":6145,"instant":false,"timeserieslabels":["Cycle1"]},"id":"H0zx_X_xDW","from_name":"cycel_label","to_name":"ts","type":"timeserieslabels"},{"value":{"start":6201,"end":6274,"instant":false,"timeserieslabels":["Cycle1"]},"id":"wZk041dQNR","from_name":"cycel_label","to_name":"ts","type":"timeserieslabels"},{"value":{"start":6304,"end":6401,"instant":false,"timeserieslabels":["Cycle1"]},"id":"F6w-haQJoU","from_name":"cycel_label","to_name":"ts","type":"timeserieslabels"},{"value":{"start":6446,"end":6577,"instant":false,"timeserieslabels":["Cycle1"]},"id":"yMaPZPmNOy","from_name":"cycel_label","to_name":"ts","type":"timeserieslabels"},{"value":{"start":6592,"end":6692,"instant":false,"timeserieslabels":["Cycle1"]},"id":"II7reHecHc","from_name":"cycel_label","to_name":"ts","type":"timeserieslabels"},{"value":{"start":6715,"end":6821,"instant":false,"timeserieslabels":["Cycle1"]},"id":"40IESw1rKU","from_name":"cycel_label","to_name":"ts","type":"timeserieslabels"},{"value":{"start":6879,"end":6985,"instant":false,"timeserieslabels":["Cycle1"]},"id":"bb2YXT3TT1","from_name":"cycel_label","to_name":"ts","type":"timeserieslabels"},{"value":{"start":7003,"end":7095,"instant":false,"timeserieslabels":["Cycle1"]},"id":"dUnwAf4jeJ","from_name":"cycel_label","to_name":"ts","type":"timeserieslabels"},{"value":{"start":7129,"end":7206,"instant":false,"timeserieslabels":["Cycle1"]},"id":"IG-5jTE7bK","from_name":"cycel_label","to_name":"ts","type":"timeserieslabels"},{"value":{"start":5763,"end":5791,"instant":false,"timeserieslabels":["Cycle2"]},"id":"GGg9ufbS63","from_name":"cycel_label","to_name":"ts","type":"timeserieslabels"},{"value":{"start":6009,"end":6055,"instant":false,"timeserieslabels":["Cycle2"]},"id":"Vj2_q2j-bc","from_name":"cycel_label","to_name":"ts","type":"timeserieslabels"},{"value":{"start":6150,"end":6189,"instant":false,"timeserieslabels":["Cycle2"]},"id":"XNAe-uW5Ux","from_name":"cycel_label","to_name":"ts","type":"timeserieslabels"},{"value":{"start":6408,"end":6439,"instant":false,"timeserieslabels":["Cycle2"]},"id":"TbM69WaE-c","from_name":"cycel_label","to_name":"ts","type":"timeserieslabels"},{"value":{"start":6824,"end":6870,"instant":false,"timeserieslabels":["Cycle2"]},"id":"K8LaVh4UXB","from_name":"cycel_label","to_name":"ts","type":"timeserieslabels"},{"value":{"start":7260,"end":7339,"instant":false,"timeserieslabels":["Cycle1"]},"id":"8EXPR7J90Z","from_name":"cycel_label","to_name":"ts","type":"timeserieslabels"},{"value":{"start":7382,"end":7479,"instant":false,"timeserieslabels":["Cycle1"]},"id":"Bma3t_Tg6_","from_name":"cycel_label","to_name":"ts","type":"timeserieslabels"},{"value":{"start":7511,"end":7588,"instant":false,"timeserieslabels":["Cycle1"]},"id":"ygp9JL7mGM","from_name":"cycel_label","to_name":"ts","type":"timeserieslabels"},{"value":{"start":7665,"end":7750,"instant":false,"timeserieslabels":["Cycle1"]},"id":"IBQv_pJ2-5","from_name":"cycel_label","to_name":"ts","type":"timeserieslabels"},{"value":{"start":7796,"end":7916,"instant":false,"timeserieslabels":["Cycle1"]},"id":"RdoY_pzwAH","from_name":"cycel_label","to_name":"ts","type":"timeserieslabels"},{"value":{"start":7943,"end":8036,"instant":false,"timeserieslabels":["Cycle1"]},"id":"WSBXh_jj8q","from_name":"cycel_label","to_name":"ts","type":"timeserieslabels"},{"value":{"start":8093,"end":8160,"instant":false,"timeserieslabels":["Cycle1"]},"id":"hklGIhH8Tk","from_name":"cycel_label","to_name":"ts","type":"timeserieslabels"},{"value":{"start":8213,"end":8275,"instant":false,"timeserieslabels":["Cycle1"]},"id":"qgAwgP3Wfr","from_name":"cycel_label","to_name":"ts","type":"timeserieslabels"},{"value":{"start":7212,"end":7249,"instant":false,"timeserieslabels":["Cycle2"]},"id":"qFdTDugtx0","from_name":"cycel_label","to_name":"ts","type":"timeserieslabels"},{"value":{"start":7601,"end":7643,"instant":false,"timeserieslabels":["Cycle2"]},"id":"c9EgBrRZyo","from_name":"cycel_label","to_name":"ts","type":"timeserieslabels"},{"value":{"start":8042,"end":8079,"instant":false,"timeserieslabels":["Cycle2"]},"id":"B9Krn-iOpm","from_name":"cycel_label","to_name":"ts","type":"timeserieslabels"},{"value":{"start":8353,"end":8447,"instant":false,"timeserieslabels":["Cycle1"]},"id":"XeWXsSFbIP","from_name":"cycel_label","to_name":"ts","type":"timeserieslabels"}],"was_cancelled":false,"ground_truth":false,"created_at":"2021-07-27T18:29:09.724714Z","updated_at":"2021-07-27T18:29:09.724746Z","lead_time":2529.471,"prediction":{},"result_count":0,"task":16}],"predictions":[],"file_upload":"dev_tyson_to_label_TdwFcd6.csv","data":{"csv_url":"\/data\/upload\/dev_tyson_to_label_TdwFcd6.csv"},"meta":{},"created_at":"2021-07-27T17:44:24.863469Z","updated_at":"2021-07-27T17:44:24.863481Z","project":8},{"id":15,"annotations":[{"id":6,"completed_by":{"id":1,"email":"ci.zhang@iteratelabs.co","first_name":"","last_name":""},"result":[{"value":{"start":6421,"end":6482,"instant":false,"timeserieslabels":["Cycle1"]},"id":"jojeQn6_8a","from_name":"cycel_label","to_name":"ts","type":"timeserieslabels"},{"value":{"start":6607,"end":6661,"instant":false,"timeserieslabels":["Cycle1"]},"id":"nslNRIGnLz","from_name":"cycel_label","to_name":"ts","type":"timeserieslabels"},{"value":{"start":6749,"end":6805,"instant":false,"timeserieslabels":["Cycle1"]},"id":"rVShYYhRyU","from_name":"cycel_label","to_name":"ts","type":"timeserieslabels"},{"value":{"start":6885,"end":6943,"instant":false,"timeserieslabels":["Cycle1"]},"id":"oTMcWpdCEZ","from_name":"cycel_label","to_name":"ts","type":"timeserieslabels"},{"value":{"start":7036,"end":7086,"instant":false,"timeserieslabels":["Cycle1"]},"id":"VbugHKd4DE","from_name":"cycel_label","to_name":"ts","type":"timeserieslabels"},{"value":{"start":7140,"end":7179,"instant":false,"timeserieslabels":["Cycle1"]},"id":"JmRxQixT2o","from_name":"cycel_label","to_name":"ts","type":"timeserieslabels"},{"value":{"start":7278,"end":7341,"instant":false,"timeserieslabels":["Cycle1"]},"id":"d2aG4iz74C","from_name":"cycel_label","to_name":"ts","type":"timeserieslabels"},{"value":{"start":7406,"end":7450,"instant":false,"timeserieslabels":["Cycle1"]},"id":"hyqiEkBeHi","from_name":"cycel_label","to_name":"ts","type":"timeserieslabels"},{"value":{"start":7562,"end":7614,"instant":false,"timeserieslabels":["Cycle1"]},"id":"UJX-tGBLZN","from_name":"cycel_label","to_name":"ts","type":"timeserieslabels"},{"value":{"start":7694,"end":7737,"instant":false,"timeserieslabels":["Cycle1"]},"id":"oMpGAvSuba","from_name":"cycel_label","to_name":"ts","type":"timeserieslabels"},{"value":{"start":7797,"end":7844,"instant":false,"timeserieslabels":["Cycle1"]},"id":"T-iRPFXuCA","from_name":"cycel_label","to_name":"ts","type":"timeserieslabels"},{"value":{"start":7937,"end":7982,"instant":false,"timeserieslabels":["Cycle1"]},"id":"__dIIDfSwL","from_name":"cycel_label","to_name":"ts","type":"timeserieslabels"},{"value":{"start":8246,"end":8300,"instant":false,"timeserieslabels":["Cycle1"]},"id":"RKkpAhPGhT","from_name":"cycel_label","to_name":"ts","type":"timeserieslabels"},{"value":{"start":8372,"end":8425,"instant":false,"timeserieslabels":["Cycle1"]},"id":"qsroJhiJ-q","from_name":"cycel_label","to_name":"ts","type":"timeserieslabels"},{"value":{"start":8499,"end":8540,"instant":false,"timeserieslabels":["Cycle1"]},"id":"ChkOVX78Wr","from_name":"cycel_label","to_name":"ts","type":"timeserieslabels"},{"value":{"start":8633,"end":8685,"instant":false,"timeserieslabels":["Cycle1"]},"id":"jfRuGszXZG","from_name":"cycel_label","to_name":"ts","type":"timeserieslabels"},{"value":{"start":8752,"end":8797,"instant":false,"timeserieslabels":["Cycle1"]},"id":"0lRc_IEKgK","from_name":"cycel_label","to_name":"ts","type":"timeserieslabels"},{"value":{"start":8901,"end":8951,"instant":false,"timeserieslabels":["Cycle1"]},"id":"EEw92AOAz6","from_name":"cycel_label","to_name":"ts","type":"timeserieslabels"},{"value":{"start":9039,"end":9086,"instant":false,"timeserieslabels":["Cycle1"]},"id":"kfym33_Lut","from_name":"cycel_label","to_name":"ts","type":"timeserieslabels"},{"value":{"start":9184,"end":9231,"instant":false,"timeserieslabels":["Cycle1"]},"id":"leaNGeiqzN","from_name":"cycel_label","to_name":"ts","type":"timeserieslabels"},{"value":{"start":9308,"end":9352,"instant":false,"timeserieslabels":["Cycle1"]},"id":"iawg01DD_j","from_name":"cycel_label","to_name":"ts","type":"timeserieslabels"},{"value":{"start":9437,"end":9476,"instant":false,"timeserieslabels":["Cycle1"]},"id":"h1rzqhar9Q","from_name":"cycel_label","to_name":"ts","type":"timeserieslabels"},{"value":{"start":9559,"end":9605,"instant":false,"timeserieslabels":["Cycle1"]},"id":"qK7qQzmduP","from_name":"cycel_label","to_name":"ts","type":"timeserieslabels"},{"value":{"start":9708,"end":9748,"instant":false,"timeserieslabels":["Cycle1"]},"id":"p_7WvhZ3eL","from_name":"cycel_label","to_name":"ts","type":"timeserieslabels"},{"value":{"start":9849,"end":9895,"instant":false,"timeserieslabels":["Cycle1"]},"id":"9v0zlu43z0","from_name":"cycel_label","to_name":"ts","type":"timeserieslabels"},{"value":{"start":9991,"end":10051,"instant":false,"timeserieslabels":["Cycle1"]},"id":"JcLcS3Kd_J","from_name":"cycel_label","to_name":"ts","type":"timeserieslabels"},{"value":{"start":10104,"end":10154,"instant":false,"timeserieslabels":["Cycle1"]},"id":"-VCJ853HuX","from_name":"cycel_label","to_name":"ts","type":"timeserieslabels"},{"value":{"start":10264,"end":10304,"instant":false,"timeserieslabels":["Cycle1"]},"id":"0oHZYGASzY","from_name":"cycel_label","to_name":"ts","type":"timeserieslabels"},{"value":{"start":10391,"end":10436,"instant":false,"timeserieslabels":["Cycle1"]},"id":"-DizRl2gJF","from_name":"cycel_label","to_name":"ts","type":"timeserieslabels"},{"value":{"start":10521,"end":10566,"instant":false,"timeserieslabels":["Cycle1"]},"id":"o517R6c1-9","from_name":"cycel_label","to_name":"ts","type":"timeserieslabels"},{"value":{"start":10669,"end":10713,"instant":false,"timeserieslabels":["Cycle1"]},"id":"fh6zYSQUoD","from_name":"cycel_label","to_name":"ts","type":"timeserieslabels"},{"value":{"start":10814,"end":10856,"instant":false,"timeserieslabels":["Cycle1"]},"id":"NfdIsabyRC","from_name":"cycel_label","to_name":"ts","type":"timeserieslabels"},{"value":{"start":10940,"end":10999,"instant":false,"timeserieslabels":["Cycle1"]},"id":"CnmVfrp1Jt","from_name":"cycel_label","to_name":"ts","type":"timeserieslabels"},{"value":{"start":11064,"end":11125,"instant":false,"timeserieslabels":["Cycle1"]},"id":"x3UMM-ZgYv","from_name":"cycel_label","to_name":"ts","type":"timeserieslabels"},{"value":{"start":11278,"end":11325,"instant":false,"timeserieslabels":["Cycle1"]},"id":"0AQ_QqPWOy","from_name":"cycel_label","to_name":"ts","type":"timeserieslabels"},{"value":{"start":11389,"end":11446,"instant":false,"timeserieslabels":["Cycle1"]},"id":"CxVq4aU4H8","from_name":"cycel_label","to_name":"ts","type":"timeserieslabels"},{"value":{"start":11515,"end":11568,"instant":false,"timeserieslabels":["Cycle1"]},"id":"EJTO1MvSGm","from_name":"cycel_label","to_name":"ts","type":"timeserieslabels"},{"value":{"start":11674,"end":11729,"instant":false,"timeserieslabels":["Cycle1"]},"id":"pz66-f898c","from_name":"cycel_label","to_name":"ts","type":"timeserieslabels"},{"value":{"start":11789,"end":11831,"instant":false,"timeserieslabels":["Cycle1"]},"id":"IVdFcasZZ3","from_name":"cycel_label","to_name":"ts","type":"timeserieslabels"},{"value":{"start":11929,"end":11974,"instant":false,"timeserieslabels":["Cycle1"]},"id":"q0Ygo9e2QQ","from_name":"cycel_label","to_name":"ts","type":"timeserieslabels"},{"value":{"start":12070,"end":12127,"instant":false,"timeserieslabels":["Cycle1"]},"id":"YRBg_Crfay","from_name":"cycel_label","to_name":"ts","type":"timeserieslabels"},{"value":{"start":12214,"end":12259,"instant":false,"timeserieslabels":["Cycle1"]},"id":"76BZ-8k2rg","from_name":"cycel_label","to_name":"ts","type":"timeserieslabels"},{"value":{"start":12338,"end":12381,"instant":false,"timeserieslabels":["Cycle1"]},"id":"9PGy5D8fmA","from_name":"cycel_label","to_name":"ts","type":"timeserieslabels"},{"value":{"start":12481,"end":12526,"instant":false,"timeserieslabels":["Cycle1"]},"id":"GyW4RilH6D","from_name":"cycel_label","to_name":"ts","type":"timeserieslabels"},{"value":{"start":12610,"end":12653,"instant":false,"timeserieslabels":["Cycle1"]},"id":"igrHp0lOIF","from_name":"cycel_label","to_name":"ts","type":"timeserieslabels"},{"value":{"start":12750,"end":12798,"instant":false,"timeserieslabels":["Cycle1"]},"id":"ZXLfQpByXB","from_name":"cycel_label","to_name":"ts","type":"timeserieslabels"},{"value":{"start":12856,"end":12901,"instant":false,"timeserieslabels":["Cycle1"]},"id":"qJO_IE6_et","from_name":"cycel_label","to_name":"ts","type":"timeserieslabels"},{"value":{"start":12993,"end":13035,"instant":false,"timeserieslabels":["Cycle1"]},"id":"JpJsmoLH3c","from_name":"cycel_label","to_name":"ts","type":"timeserieslabels"},{"value":{"start":13133,"end":13180,"instant":false,"timeserieslabels":["Cycle1"]},"id":"k4Y_hUzskK","from_name":"cycel_label","to_name":"ts","type":"timeserieslabels"},{"value":{"start":13349,"end":13409,"instant":false,"timeserieslabels":["Cycle1"]},"id":"RPKkKABQB0","from_name":"cycel_label","to_name":"ts","type":"timeserieslabels"},{"value":{"start":13480,"end":13522,"instant":false,"timeserieslabels":["Cycle1"]},"id":"ORplkCViQu","from_name":"cycel_label","to_name":"ts","type":"timeserieslabels"},{"value":{"start":13586,"end":13630,"instant":false,"timeserieslabels":["Cycle1"]},"id":"HLi5Q5BGkO","from_name":"cycel_label","to_name":"ts","type":"timeserieslabels"},{"value":{"start":13717,"end":13758,"instant":false,"timeserieslabels":["Cycle1"]},"id":"4Ibby9fNmQ","from_name":"cycel_label","to_name":"ts","type":"timeserieslabels"},{"value":{"start":13888,"end":13937,"instant":false,"timeserieslabels":["Cycle1"]},"id":"jriI4AGplE","from_name":"cycel_label","to_name":"ts","type":"timeserieslabels"},{"value":{"start":14029,"end":14086,"instant":false,"timeserieslabels":["Cycle1"]},"id":"fCeiYQ-0FV","from_name":"cycel_label","to_name":"ts","type":"timeserieslabels"},{"value":{"start":14152,"end":14202,"instant":false,"timeserieslabels":["Cycle1"]},"id":"mNjW2Nrdag","from_name":"cycel_label","to_name":"ts","type":"timeserieslabels"},{"value":{"start":14281,"end":14337,"instant":false,"timeserieslabels":["Cycle1"]},"id":"aYpRulWqhQ","from_name":"cycel_label","to_name":"ts","type":"timeserieslabels"},{"value":{"start":14763,"end":14829,"instant":false,"timeserieslabels":["Cycle1"]},"id":"Sb5--wJCSz","from_name":"cycel_label","to_name":"ts","type":"timeserieslabels"},{"value":{"start":15088,"end":15132,"instant":false,"timeserieslabels":["Cycle1"]},"id":"TvaqysLOOB","from_name":"cycel_label","to_name":"ts","type":"timeserieslabels"},{"value":{"start":15259,"end":15345,"instant":false,"timeserieslabels":["Cycle1"]},"id":"tM8e_UhIBK","from_name":"cycel_label","to_name":"ts","type":"timeserieslabels"},{"value":{"start":15448,"end":15494,"instant":false,"timeserieslabels":["Cycle1"]},"id":"ZyNdFHnNmC","from_name":"cycel_label","to_name":"ts","type":"timeserieslabels"},{"value":{"start":15596,"end":15639,"instant":false,"timeserieslabels":["Cycle1"]},"id":"50gVzaxzJA","from_name":"cycel_label","to_name":"ts","type":"timeserieslabels"},{"value":{"start":15755,"end":15812,"instant":false,"timeserieslabels":["Cycle1"]},"id":"i0UpUN-XJH","from_name":"cycel_label","to_name":"ts","type":"timeserieslabels"},{"value":{"start":15907,"end":15957,"instant":false,"timeserieslabels":["Cycle1"]},"id":"hL9s8U4eZX","from_name":"cycel_label","to_name":"ts","type":"timeserieslabels"},{"value":{"start":16031,"end":16087,"instant":false,"timeserieslabels":["Cycle1"]},"id":"dKs5zuhmp0","from_name":"cycel_label","to_name":"ts","type":"timeserieslabels"},{"value":{"start":16177,"end":16222,"instant":false,"timeserieslabels":["Cycle1"]},"id":"JOWxBjCDw6","from_name":"cycel_label","to_name":"ts","type":"timeserieslabels"},{"value":{"start":16321,"end":16368,"instant":false,"timeserieslabels":["Cycle1"]},"id":"0BtO6E1ZG0","from_name":"cycel_label","to_name":"ts","type":"timeserieslabels"},{"value":{"start":16417,"end":16463,"instant":false,"timeserieslabels":["Cycle1"]},"id":"P4_g2kPe-O","from_name":"cycel_label","to_name":"ts","type":"timeserieslabels"},{"value":{"start":16545,"end":16590,"instant":false,"timeserieslabels":["Cycle1"]},"id":"6E-r8ogek7","from_name":"cycel_label","to_name":"ts","type":"timeserieslabels"},{"value":{"start":16670,"end":16717,"instant":false,"timeserieslabels":["Cycle1"]},"id":"NsHLKrCZwL","from_name":"cycel_label","to_name":"ts","type":"timeserieslabels"},{"value":{"start":16841,"end":16885,"instant":false,"timeserieslabels":["Cycle1"]},"id":"W6e0g5v5LK","from_name":"cycel_label","to_name":"ts","type":"timeserieslabels"},{"value":{"start":17096,"end":17138,"instant":false,"timeserieslabels":["Cycle1"]},"id":"bOut0PPKwW","from_name":"cycel_label","to_name":"ts","type":"timeserieslabels"},{"value":{"start":17318,"end":17368,"instant":false,"timeserieslabels":["Cycle1"]},"id":"sWp4kh6zU9","from_name":"cycel_label","to_name":"ts","type":"timeserieslabels"},{"value":{"start":17469,"end":17517,"instant":false,"timeserieslabels":["Cycle1"]},"id":"KOoPHXBeKQ","from_name":"cycel_label","to_name":"ts","type":"timeserieslabels"},{"value":{"start":17578,"end":17622,"instant":false,"timeserieslabels":["Cycle1"]},"id":"Hdox44-bqH","from_name":"cycel_label","to_name":"ts","type":"timeserieslabels"},{"value":{"start":17744,"end":17786,"instant":false,"timeserieslabels":["Cycle1"]},"id":"pYREXfkXFD","from_name":"cycel_label","to_name":"ts","type":"timeserieslabels"},{"value":{"start":17857,"end":17894,"instant":false,"timeserieslabels":["Cycle1"]},"id":"DKeJMOtu8v","from_name":"cycel_label","to_name":"ts","type":"timeserieslabels"},{"value":{"start":18004,"end":18046,"instant":false,"timeserieslabels":["Cycle1"]},"id":"iXLZD6Ni8t","from_name":"cycel_label","to_name":"ts","type":"timeserieslabels"},{"value":{"start":18203,"end":18242,"instant":false,"timeserieslabels":["Cycle1"]},"id":"Ejo_DphXwx","from_name":"cycel_label","to_name":"ts","type":"timeserieslabels"},{"value":{"start":18310,"end":18353,"instant":false,"timeserieslabels":["Cycle1"]},"id":"L95zKZw6pn","from_name":"cycel_label","to_name":"ts","type":"timeserieslabels"},{"value":{"start":18458,"end":18516,"instant":false,"timeserieslabels":["Cycle1"]},"id":"8kawWbrzry","from_name":"cycel_label","to_name":"ts","type":"timeserieslabels"},{"value":{"start":18619,"end":18659,"instant":false,"timeserieslabels":["Cycle1"]},"id":"yifgaGKu3a","from_name":"cycel_label","to_name":"ts","type":"timeserieslabels"},{"value":{"start":18743,"end":18811,"instant":false,"timeserieslabels":["Cycle1"]},"id":"3prr14CX9F","from_name":"cycel_label","to_name":"ts","type":"timeserieslabels"},{"value":{"start":18916,"end":18959,"instant":false,"timeserieslabels":["Cycle1"]},"id":"x5OqvIbTKI","from_name":"cycel_label","to_name":"ts","type":"timeserieslabels"},{"value":{"start":19046,"end":19096,"instant":false,"timeserieslabels":["Cycle1"]},"id":"3AEUD-oEOC","from_name":"cycel_label","to_name":"ts","type":"timeserieslabels"},{"value":{"start":19193,"end":19244,"instant":false,"timeserieslabels":["Cycle1"]},"id":"WxlV8tdQcO","from_name":"cycel_label","to_name":"ts","type":"timeserieslabels"},{"value":{"start":19306,"end":19356,"instant":false,"timeserieslabels":["Cycle1"]},"id":"DzwUNPBWYu","from_name":"cycel_label","to_name":"ts","type":"timeserieslabels"},{"value":{"start":19461,"end":19501,"instant":false,"timeserieslabels":["Cycle1"]},"id":"209jPZnvP0","from_name":"cycel_label","to_name":"ts","type":"timeserieslabels"},{"value":{"start":19688,"end":19733,"instant":false,"timeserieslabels":["Cycle1"]},"id":"djCvdX6HaJ","from_name":"cycel_label","to_name":"ts","type":"timeserieslabels"},{"value":{"start":19872,"end":19918,"instant":false,"timeserieslabels":["Cycle1"]},"id":"ygSbd3GYjE","from_name":"cycel_label","to_name":"ts","type":"timeserieslabels"},{"value":{"start":20000,"end":20052,"instant":false,"timeserieslabels":["Cycle1"]},"id":"08RXOHfKBj","from_name":"cycel_label","to_name":"ts","type":"timeserieslabels"},{"value":{"start":20849,"end":20899,"instant":false,"timeserieslabels":["Cycle1"]},"id":"qFzUNpSgqK","from_name":"cycel_label","to_name":"ts","type":"timeserieslabels"},{"value":{"start":20973,"end":21025,"instant":false,"timeserieslabels":["Cycle1"]},"id":"_jDTeBTRZd","from_name":"cycel_label","to_name":"ts","type":"timeserieslabels"},{"value":{"start":21109,"end":21151,"instant":false,"timeserieslabels":["Cycle1"]},"id":"6RFAoDhBKX","from_name":"cycel_label","to_name":"ts","type":"timeserieslabels"},{"value":{"start":20727,"end":20770,"instant":false,"timeserieslabels":["Cycle1"]},"id":"aKeylBPMQK","from_name":"cycel_label","to_name":"ts","type":"timeserieslabels"},{"value":{"start":21237,"end":21287,"instant":false,"timeserieslabels":["Cycle1"]},"id":"9XRlkEhXTa","from_name":"cycel_label","to_name":"ts","type":"timeserieslabels"},{"value":{"start":21387,"end":21435,"instant":false,"timeserieslabels":["Cycle1"]},"id":"6UgpwzyzKO","from_name":"cycel_label","to_name":"ts","type":"timeserieslabels"},{"value":{"start":21611,"end":21659,"instant":false,"timeserieslabels":["Cycle1"]},"id":"8ruXM2MsZc","from_name":"cycel_label","to_name":"ts","type":"timeserieslabels"},{"value":{"start":21780,"end":21827,"instant":false,"timeserieslabels":["Cycle1"]},"id":"lDjNFQj9_B","from_name":"cycel_label","to_name":"ts","type":"timeserieslabels"},{"value":{"start":21947,"end":21981,"instant":false,"timeserieslabels":["Cycle1"]},"id":"77b_EuZaCf","from_name":"cycel_label","to_name":"ts","type":"timeserieslabels"},{"value":{"start":22096,"end":22141,"instant":false,"timeserieslabels":["Cycle1"]},"id":"COOrBmhpzQ","from_name":"cycel_label","to_name":"ts","type":"timeserieslabels"},{"value":{"start":22251,"end":22296,"instant":false,"timeserieslabels":["Cycle1"]},"id":"WgrFiYBFff","from_name":"cycel_label","to_name":"ts","type":"timeserieslabels"},{"value":{"start":22357,"end":22414,"instant":false,"timeserieslabels":["Cycle1"]},"id":"HYK0dhoSIE","from_name":"cycel_label","to_name":"ts","type":"timeserieslabels"},{"value":{"start":22523,"end":22567,"instant":false,"timeserieslabels":["Cycle1"]},"id":"hqFNzCySgD","from_name":"cycel_label","to_name":"ts","type":"timeserieslabels"},{"value":{"start":22655,"end":22697,"instant":false,"timeserieslabels":["Cycle1"]},"id":"psQYycnsZ9","from_name":"cycel_label","to_name":"ts","type":"timeserieslabels"},{"value":{"start":22787,"end":22834,"instant":false,"timeserieslabels":["Cycle1"]},"id":"nn5ug0_iQt","from_name":"cycel_label","to_name":"ts","type":"timeserieslabels"},{"value":{"start":22934,"end":22971,"instant":false,"timeserieslabels":["Cycle1"]},"id":"0VLilvml4D","from_name":"cycel_label","to_name":"ts","type":"timeserieslabels"},{"value":{"start":23058,"end":23108,"instant":false,"timeserieslabels":["Cycle1"]},"id":"kTL9j2QQaf","from_name":"cycel_label","to_name":"ts","type":"timeserieslabels"},{"value":{"start":23214,"end":23255,"instant":false,"timeserieslabels":["Cycle1"]},"id":"KexrAVVpOn","from_name":"cycel_label","to_name":"ts","type":"timeserieslabels"},{"value":{"start":23351,"end":23398,"instant":false,"timeserieslabels":["Cycle1"]},"id":"oOsrYfFJq-","from_name":"cycel_label","to_name":"ts","type":"timeserieslabels"},{"value":{"start":23475,"end":23516,"instant":false,"timeserieslabels":["Cycle1"]},"id":"uBWPbwwPfb","from_name":"cycel_label","to_name":"ts","type":"timeserieslabels"},{"value":{"start":23600,"end":23653,"instant":false,"timeserieslabels":["Cycle1"]},"id":"4mZWvrKQso","from_name":"cycel_label","to_name":"ts","type":"timeserieslabels"},{"value":{"start":23779,"end":23824,"instant":false,"timeserieslabels":["Cycle1"]},"id":"Px9clryjf4","from_name":"cycel_label","to_name":"ts","type":"timeserieslabels"},{"value":{"start":23929,"end":23977,"instant":false,"timeserieslabels":["Cycle1"]},"id":"iBSAP0rWf6","from_name":"cycel_label","to_name":"ts","type":"timeserieslabels"},{"value":{"start":24042,"end":24087,"instant":false,"timeserieslabels":["Cycle1"]},"id":"g3xIIPxI0u","from_name":"cycel_label","to_name":"ts","type":"timeserieslabels"},{"value":{"start":24201,"end":24248,"instant":false,"timeserieslabels":["Cycle1"]},"id":"51JbPVR_Np","from_name":"cycel_label","to_name":"ts","type":"timeserieslabels"},{"value":{"start":24332,"end":24378,"instant":false,"timeserieslabels":["Cycle1"]},"id":"3VoCInb9cq","from_name":"cycel_label","to_name":"ts","type":"timeserieslabels"},{"value":{"start":24503,"end":24554,"instant":false,"timeserieslabels":["Cycle1"]},"id":"1iGVfpDYs2","from_name":"cycel_label","to_name":"ts","type":"timeserieslabels"},{"value":{"start":24636,"end":24678,"instant":false,"timeserieslabels":["Cycle1"]},"id":"nh6StW6w0M","from_name":"cycel_label","to_name":"ts","type":"timeserieslabels"},{"value":{"start":24797,"end":24836,"instant":false,"timeserieslabels":["Cycle1"]},"id":"CKcLVmTS31","from_name":"cycel_label","to_name":"ts","type":"timeserieslabels"},{"value":{"start":24934,"end":24979,"instant":false,"timeserieslabels":["Cycle1"]},"id":"qMyXlEGn9C","from_name":"cycel_label","to_name":"ts","type":"timeserieslabels"},{"value":{"start":25129,"end":25177,"instant":false,"timeserieslabels":["Cycle1"]},"id":"Rni59GMZ32","from_name":"cycel_label","to_name":"ts","type":"timeserieslabels"},{"value":{"start":25300,"end":25346,"instant":false,"timeserieslabels":["Cycle1"]},"id":"aci8xzqZ_h","from_name":"cycel_label","to_name":"ts","type":"timeserieslabels"},{"value":{"start":25424,"end":25482,"instant":false,"timeserieslabels":["Cycle1"]},"id":"CCK-avsSQc","from_name":"cycel_label","to_name":"ts","type":"timeserieslabels"},{"value":{"start":25577,"end":25615,"instant":false,"timeserieslabels":["Cycle1"]},"id":"VDf20u_hrt","from_name":"cycel_label","to_name":"ts","type":"timeserieslabels"},{"value":{"start":25698,"end":25736,"instant":false,"timeserieslabels":["Cycle1"]},"id":"xbXS-bB7sP","from_name":"cycel_label","to_name":"ts","type":"timeserieslabels"},{"value":{"start":25851,"end":25899,"instant":false,"timeserieslabels":["Cycle1"]},"id":"xUQCpu4sgc","from_name":"cycel_label","to_name":"ts","type":"timeserieslabels"},{"value":{"start":25974,"end":26021,"instant":false,"timeserieslabels":["Cycle1"]},"id":"QWPUKd2p_i","from_name":"cycel_label","to_name":"ts","type":"timeserieslabels"},{"value":{"start":26100,"end":26146,"instant":false,"timeserieslabels":["Cycle1"]},"id":"0IbRdpj2Ce","from_name":"cycel_label","to_name":"ts","type":"timeserieslabels"},{"value":{"start":26233,"end":26295,"instant":false,"timeserieslabels":["Cycle1"]},"id":"LDGMsCPwYd","from_name":"cycel_label","to_name":"ts","type":"timeserieslabels"},{"value":{"start":26386,"end":26430,"instant":false,"timeserieslabels":["Cycle1"]},"id":"hthmv3F4IO","from_name":"cycel_label","to_name":"ts","type":"timeserieslabels"},{"value":{"start":26518,"end":26573,"instant":false,"timeserieslabels":["Cycle1"]},"id":"V6su8iIWOj","from_name":"cycel_label","to_name":"ts","type":"timeserieslabels"},{"value":{"start":26652,"end":26696,"instant":false,"timeserieslabels":["Cycle1"]},"id":"6y4waNbf_F","from_name":"cycel_label","to_name":"ts","type":"timeserieslabels"},{"value":{"start":26773,"end":26825,"instant":false,"timeserieslabels":["Cycle1"]},"id":"3o_qeYI26F","from_name":"cycel_label","to_name":"ts","type":"timeserieslabels"},{"value":{"start":26908,"end":26952,"instant":false,"timeserieslabels":["Cycle1"]},"id":"QBWLyvPGog","from_name":"cycel_label","to_name":"ts","type":"timeserieslabels"},{"value":{"start":27058,"end":27108,"instant":false,"timeserieslabels":["Cycle1"]},"id":"yngk67oGT-","from_name":"cycel_label","to_name":"ts","type":"timeserieslabels"},{"value":{"start":27203,"end":27247,"instant":false,"timeserieslabels":["Cycle1"]},"id":"zTT3msZ1Wz","from_name":"cycel_label","to_name":"ts","type":"timeserieslabels"},{"value":{"start":27295,"end":27347,"instant":false,"timeserieslabels":["Cycle1"]},"id":"_Aq2ti6UOJ","from_name":"cycel_label","to_name":"ts","type":"timeserieslabels"},{"value":{"start":27493,"end":27540,"instant":false,"timeserieslabels":["Cycle1"]},"id":"RAccPdbfw1","from_name":"cycel_label","to_name":"ts","type":"timeserieslabels"},{"value":{"start":27761,"end":27809,"instant":false,"timeserieslabels":["Cycle1"]},"id":"49KwlVqdsr","from_name":"cycel_label","to_name":"ts","type":"timeserieslabels"},{"value":{"start":27884,"end":27917,"instant":false,"timeserieslabels":["Cycle1"]},"id":"w3FZce0E-E","from_name":"cycel_label","to_name":"ts","type":"timeserieslabels"},{"value":{"start":27982,"end":28040,"instant":false,"timeserieslabels":["Cycle1"]},"id":"OhZi4wMrr4","from_name":"cycel_label","to_name":"ts","type":"timeserieslabels"},{"value":{"start":28156,"end":28201,"instant":false,"timeserieslabels":["Cycle1"]},"id":"JyUXX3cdIO","from_name":"cycel_label","to_name":"ts","type":"timeserieslabels"},{"value":{"start":28328,"end":28386,"instant":false,"timeserieslabels":["Cycle1"]},"id":"6p_g0HFJiw","from_name":"cycel_label","to_name":"ts","type":"timeserieslabels"},{"value":{"start":28451,"end":28497,"instant":false,"timeserieslabels":["Cycle1"]},"id":"bLgFg26wj1","from_name":"cycel_label","to_name":"ts","type":"timeserieslabels"},{"value":{"start":28583,"end":28641,"instant":false,"timeserieslabels":["Cycle1"]},"id":"cWqA79hEGX","from_name":"cycel_label","to_name":"ts","type":"timeserieslabels"},{"value":{"start":28702,"end":28749,"instant":false,"timeserieslabels":["Cycle1"]},"id":"SwQaHrC2KL","from_name":"cycel_label","to_name":"ts","type":"timeserieslabels"},{"value":{"start":28844,"end":28900,"instant":false,"timeserieslabels":["Cycle1"]},"id":"eCpmX5puby","from_name":"cycel_label","to_name":"ts","type":"timeserieslabels"},{"value":{"start":28962,"end":29022,"instant":false,"timeserieslabels":["Cycle1"]},"id":"S9hYkYWyDF","from_name":"cycel_label","to_name":"ts","type":"timeserieslabels"},{"value":{"start":29109,"end":29148,"instant":false,"timeserieslabels":["Cycle1"]},"id":"Dn1p3XpmiM","from_name":"cycel_label","to_name":"ts","type":"timeserieslabels"},{"value":{"start":29196,"end":29238,"instant":false,"timeserieslabels":["Cycle1"]},"id":"34lBiuG5tc","from_name":"cycel_label","to_name":"ts","type":"timeserieslabels"},{"value":{"start":29312,"end":29357,"instant":false,"timeserieslabels":["Cycle1"]},"id":"8lo_9x1kfp","from_name":"cycel_label","to_name":"ts","type":"timeserieslabels"},{"value":{"start":29436,"end":29483,"instant":false,"timeserieslabels":["Cycle1"]},"id":"YVMi5bdl3E","from_name":"cycel_label","to_name":"ts","type":"timeserieslabels"},{"value":{"start":29560,"end":29598,"instant":false,"timeserieslabels":["Cycle1"]},"id":"6MwS0McxQ4","from_name":"cycel_label","to_name":"ts","type":"timeserieslabels"},{"value":{"start":29682,"end":29727,"instant":false,"timeserieslabels":["Cycle1"]},"id":"hFJVMWDrsy","from_name":"cycel_label","to_name":"ts","type":"timeserieslabels"},{"value":{"start":29789,"end":29830,"instant":false,"timeserieslabels":["Cycle1"]},"id":"wkD2-SRNSA","from_name":"cycel_label","to_name":"ts","type":"timeserieslabels"},{"value":{"start":29921,"end":29969,"instant":false,"timeserieslabels":["Cycle1"]},"id":"IalFTl1F0V","from_name":"cycel_label","to_name":"ts","type":"timeserieslabels"},{"value":{"start":30069,"end":30122,"instant":false,"timeserieslabels":["Cycle1"]},"id":"v47LXkl-j4","from_name":"cycel_label","to_name":"ts","type":"timeserieslabels"},{"value":{"start":30214,"end":30278,"instant":false,"timeserieslabels":["Cycle1"]},"id":"XGb0yTuUSg","from_name":"cycel_label","to_name":"ts","type":"timeserieslabels"},{"value":{"start":30375,"end":30422,"instant":false,"timeserieslabels":["Cycle1"]},"id":"5Eovq4GooF","from_name":"cycel_label","to_name":"ts","type":"timeserieslabels"},{"value":{"start":30494,"end":30546,"instant":false,"timeserieslabels":["Cycle1"]},"id":"p5GKiTT4S8","from_name":"cycel_label","to_name":"ts","type":"timeserieslabels"},{"value":{"start":30626,"end":30668,"instant":false,"timeserieslabels":["Cycle1"]},"id":"NFZI3XpOZc","from_name":"cycel_label","to_name":"ts","type":"timeserieslabels"},{"value":{"start":30749,"end":30803,"instant":false,"timeserieslabels":["Cycle1"]},"id":"P6lZkK8gvf","from_name":"cycel_label","to_name":"ts","type":"timeserieslabels"},{"value":{"start":30923,"end":30971,"instant":false,"timeserieslabels":["Cycle1"]},"id":"7hdp3B7qj8","from_name":"cycel_label","to_name":"ts","type":"timeserieslabels"},{"value":{"start":31053,"end":31103,"instant":false,"timeserieslabels":["Cycle1"]},"id":"NZ50ldfKc2","from_name":"cycel_label","to_name":"ts","type":"timeserieslabels"},{"value":{"start":31190,"end":31235,"instant":false,"timeserieslabels":["Cycle1"]},"id":"QG_EnRKRUU","from_name":"cycel_label","to_name":"ts","type":"timeserieslabels"},{"value":{"start":31305,"end":31358,"instant":false,"timeserieslabels":["Cycle1"]},"id":"HJFxl3wM8B","from_name":"cycel_label","to_name":"ts","type":"timeserieslabels"},{"value":{"start":31470,"end":31520,"instant":false,"timeserieslabels":["Cycle1"]},"id":"HlKv-jCxnU","from_name":"cycel_label","to_name":"ts","type":"timeserieslabels"},{"value":{"start":31585,"end":31633,"instant":false,"timeserieslabels":["Cycle1"]},"id":"xL3xdsW3BL","from_name":"cycel_label","to_name":"ts","type":"timeserieslabels"},{"value":{"start":31726,"end":31767,"instant":false,"timeserieslabels":["Cycle1"]},"id":"WHwkdpTOUt","from_name":"cycel_label","to_name":"ts","type":"timeserieslabels"},{"value":{"start":31865,"end":31916,"instant":false,"timeserieslabels":["Cycle1"]},"id":"l4wnDFNDwK","from_name":"cycel_label","to_name":"ts","type":"timeserieslabels"},{"value":{"start":31995,"end":32050,"instant":false,"timeserieslabels":["Cycle1"]},"id":"f8-dPnZFHx","from_name":"cycel_label","to_name":"ts","type":"timeserieslabels"},{"value":{"start":32102,"end":32150,"instant":false,"timeserieslabels":["Cycle1"]},"id":"UPtEJ3TXMm","from_name":"cycel_label","to_name":"ts","type":"timeserieslabels"},{"value":{"start":32257,"end":32299,"instant":false,"timeserieslabels":["Cycle1"]},"id":"4pMMGQiV1F","from_name":"cycel_label","to_name":"ts","type":"timeserieslabels"},{"value":{"start":32393,"end":32440,"instant":false,"timeserieslabels":["Cycle1"]},"id":"JL6muMRPSA","from_name":"cycel_label","to_name":"ts","type":"timeserieslabels"},{"value":{"start":32504,"end":32559,"instant":false,"timeserieslabels":["Cycle1"]},"id":"yWfb4MrYUk","from_name":"cycel_label","to_name":"ts","type":"timeserieslabels"},{"value":{"start":32662,"end":32712,"instant":false,"timeserieslabels":["Cycle1"]},"id":"TY1qUBHKLz","from_name":"cycel_label","to_name":"ts","type":"timeserieslabels"},{"value":{"start":32779,"end":32823,"instant":false,"timeserieslabels":["Cycle1"]},"id":"ko_DaJJPJ8","from_name":"cycel_label","to_name":"ts","type":"timeserieslabels"},{"value":{"start":32937,"end":32987,"instant":false,"timeserieslabels":["Cycle1"]},"id":"i4c-85QO38","from_name":"cycel_label","to_name":"ts","type":"timeserieslabels"},{"value":{"start":33074,"end":33124,"instant":false,"timeserieslabels":["Cycle1"]},"id":"paERgGPInn","from_name":"cycel_label","to_name":"ts","type":"timeserieslabels"},{"value":{"start":33224,"end":33266,"instant":false,"timeserieslabels":["Cycle1"]},"id":"o8nUfsd7g5","from_name":"cycel_label","to_name":"ts","type":"timeserieslabels"},{"value":{"start":33358,"end":33400,"instant":false,"timeserieslabels":["Cycle1"]},"id":"BB0aTZShbL","from_name":"cycel_label","to_name":"ts","type":"timeserieslabels"},{"value":{"start":33511,"end":33556,"instant":false,"timeserieslabels":["Cycle1"]},"id":"nVwQxaG0l6","from_name":"cycel_label","to_name":"ts","type":"timeserieslabels"},{"value":{"start":33654,"end":33697,"instant":false,"timeserieslabels":["Cycle1"]},"id":"UzugyIDMu5","from_name":"cycel_label","to_name":"ts","type":"timeserieslabels"},{"value":{"start":33779,"end":33825,"instant":false,"timeserieslabels":["Cycle1"]},"id":"W_rs5tSr3R","from_name":"cycel_label","to_name":"ts","type":"timeserieslabels"},{"value":{"start":33924,"end":33974,"instant":false,"timeserieslabels":["Cycle1"]},"id":"qbtMrbiFNc","from_name":"cycel_label","to_name":"ts","type":"timeserieslabels"},{"value":{"start":34091,"end":34146,"instant":false,"timeserieslabels":["Cycle1"]},"id":"u0ru-VxcxG","from_name":"cycel_label","to_name":"ts","type":"timeserieslabels"},{"value":{"start":34230,"end":34275,"instant":false,"timeserieslabels":["Cycle1"]},"id":"0Q4Lk-9P9V","from_name":"cycel_label","to_name":"ts","type":"timeserieslabels"},{"value":{"start":34388,"end":34433,"instant":false,"timeserieslabels":["Cycle1"]},"id":"Tl_HyuJ7UO","from_name":"cycel_label","to_name":"ts","type":"timeserieslabels"},{"value":{"start":34500,"end":34566,"instant":false,"timeserieslabels":["Cycle1"]},"id":"hQUdUpcNwv","from_name":"cycel_label","to_name":"ts","type":"timeserieslabels"},{"value":{"start":34844,"end":34906,"instant":false,"timeserieslabels":["Cycle1"]},"id":"QaO9Afj0mx","from_name":"cycel_label","to_name":"ts","type":"timeserieslabels"},{"value":{"start":35030,"end":35100,"instant":false,"timeserieslabels":["Cycle1"]},"id":"HLGabZTBtx","from_name":"cycel_label","to_name":"ts","type":"timeserieslabels"},{"value":{"start":35307,"end":35356,"instant":false,"timeserieslabels":["Cycle1"]},"id":"XSRa6cKCBw","from_name":"cycel_label","to_name":"ts","type":"timeserieslabels"},{"value":{"start":35569,"end":35622,"instant":false,"timeserieslabels":["Cycle1"]},"id":"ySm9wv3YKp","from_name":"cycel_label","to_name":"ts","type":"timeserieslabels"},{"value":{"start":35791,"end":35838,"instant":false,"timeserieslabels":["Cycle1"]},"id":"dBys9ADEgk","from_name":"cycel_label","to_name":"ts","type":"timeserieslabels"},{"value":{"start":35910,"end":35957,"instant":false,"timeserieslabels":["Cycle1"]},"id":"H1U0ARph2K","from_name":"cycel_label","to_name":"ts","type":"timeserieslabels"},{"value":{"start":36056,"end":36098,"instant":false,"timeserieslabels":["Cycle1"]},"id":"SEtqwvzawb","from_name":"cycel_label","to_name":"ts","type":"timeserieslabels"},{"value":{"start":36192,"end":36248,"instant":false,"timeserieslabels":["Cycle1"]},"id":"4Fw13EPOts","from_name":"cycel_label","to_name":"ts","type":"timeserieslabels"},{"value":{"start":36340,"end":36382,"instant":false,"timeserieslabels":["Cycle1"]},"id":"v4sH3ejFTN","from_name":"cycel_label","to_name":"ts","type":"timeserieslabels"},{"value":{"start":36477,"end":36522,"instant":false,"timeserieslabels":["Cycle1"]},"id":"GhvdTtPwdy","from_name":"cycel_label","to_name":"ts","type":"timeserieslabels"},{"value":{"start":36622,"end":36682,"instant":false,"timeserieslabels":["Cycle1"]},"id":"teYFy57k1K","from_name":"cycel_label","to_name":"ts","type":"timeserieslabels"},{"value":{"start":36777,"end":36822,"instant":false,"timeserieslabels":["Cycle1"]},"id":"8NvAZG5DhN","from_name":"cycel_label","to_name":"ts","type":"timeserieslabels"},{"value":{"start":36927,"end":36970,"instant":false,"timeserieslabels":["Cycle1"]},"id":"k7kV2MxnzK","from_name":"cycel_label","to_name":"ts","type":"timeserieslabels"},{"value":{"start":37073,"end":37112,"instant":false,"timeserieslabels":["Cycle1"]},"id":"vyep6adU-k","from_name":"cycel_label","to_name":"ts","type":"timeserieslabels"},{"value":{"start":37196,"end":37250,"instant":false,"timeserieslabels":["Cycle1"]},"id":"DrT2Lw3sV9","from_name":"cycel_label","to_name":"ts","type":"timeserieslabels"},{"value":{"start":37304,"end":37350,"instant":false,"timeserieslabels":["Cycle1"]},"id":"9H4hKNDfor","from_name":"cycel_label","to_name":"ts","type":"timeserieslabels"},{"value":{"start":37447,"end":37489,"instant":false,"timeserieslabels":["Cycle1"]},"id":"FUU619pcI-","from_name":"cycel_label","to_name":"ts","type":"timeserieslabels"},{"value":{"start":1319,"end":1366,"instant":false,"timeserieslabels":["Cycle1"]},"id":"ySCMa8iHzD","from_name":"cycel_label","to_name":"ts","type":"timeserieslabels"},{"value":{"start":1417,"end":1457,"instant":false,"timeserieslabels":["Cycle1"]},"id":"S4U-0wZjMw","from_name":"cycel_label","to_name":"ts","type":"timeserieslabels"},{"value":{"start":1883,"end":1941,"instant":false,"timeserieslabels":["Cycle1"]},"id":"DXI3mdbTpJ","from_name":"cycel_label","to_name":"ts","type":"timeserieslabels"},{"value":{"start":2224,"end":2271,"instant":false,"timeserieslabels":["Cycle1"]},"id":"uUnlCyxeG6","from_name":"cycel_label","to_name":"ts","type":"timeserieslabels"},{"value":{"start":2005,"end":2060,"instant":false,"timeserieslabels":["Cycle1"]},"id":"ppWP_0aXCn","from_name":"cycel_label","to_name":"ts","type":"timeserieslabels"},{"value":{"start":2656,"end":2701,"instant":false,"timeserieslabels":["Cycle1"]},"id":"55EOPFYFEE","from_name":"cycel_label","to_name":"ts","type":"timeserieslabels"},{"value":{"start":2975,"end":3027,"instant":false,"timeserieslabels":["Cycle1"]},"id":"B-4fW872qu","from_name":"cycel_label","to_name":"ts","type":"timeserieslabels"},{"value":{"start":3391,"end":3453,"instant":false,"timeserieslabels":["Cycle1"]},"id":"VfhT1IqLe8","from_name":"cycel_label","to_name":"ts","type":"timeserieslabels"},{"value":{"start":3601,"end":3650,"instant":false,"timeserieslabels":["Cycle1"]},"id":"bXAelnrmoZ","from_name":"cycel_label","to_name":"ts","type":"timeserieslabels"},{"value":{"start":3909,"end":3954,"instant":false,"timeserieslabels":["Cycle1"]},"id":"WbBfWmsp-d","from_name":"cycel_label","to_name":"ts","type":"timeserieslabels"},{"value":{"start":4280,"end":4321,"instant":false,"timeserieslabels":["Cycle1"]},"id":"TArz93-JtW","from_name":"cycel_label","to_name":"ts","type":"timeserieslabels"},{"value":{"start":4544,"end":4595,"instant":false,"timeserieslabels":["Cycle1"]},"id":"ZbZXD54v6c","from_name":"cycel_label","to_name":"ts","type":"timeserieslabels"},{"value":{"start":4889,"end":4935,"instant":false,"timeserieslabels":["Cycle1"]},"id":"IKR0ZoKcvy","from_name":"cycel_label","to_name":"ts","type":"timeserieslabels"},{"value":{"start":5359,"end":5408,"instant":false,"timeserieslabels":["Cycle1"]},"id":"NjMJiy92xl","from_name":"cycel_label","to_name":"ts","type":"timeserieslabels"},{"value":{"start":1126,"end":1190,"instant":false,"timeserieslabels":["Cycle2"]},"id":"oueoffPOJg","from_name":"cycel_label","to_name":"ts","type":"timeserieslabels"},{"value":{"start":1491,"end":1575,"instant":false,"timeserieslabels":["Cycle2"]},"id":"xzR1s6Elke","from_name":"cycel_label","to_name":"ts","type":"timeserieslabels"},{"value":{"start":2306,"end":2355,"instant":false,"timeserieslabels":["Cycle2"]},"id":"hKWtCei0Rp","from_name":"cycel_label","to_name":"ts","type":"timeserieslabels"},{"value":{"start":2846,"end":2889,"instant":false,"timeserieslabels":["Cycle2"]},"id":"uFsuVPdr1w","from_name":"cycel_label","to_name":"ts","type":"timeserieslabels"},{"value":{"start":3151,"end":3195,"instant":false,"timeserieslabels":["Cycle2"]},"id":"JLQecxEZPb","from_name":"cycel_label","to_name":"ts","type":"timeserieslabels"},{"value":{"start":3472,"end":3522,"instant":false,"timeserieslabels":["Cycle2"]},"id":"8Z23G1VN1Y","from_name":"cycel_label","to_name":"ts","type":"timeserieslabels"},{"value":{"start":3671,"end":3726,"instant":false,"timeserieslabels":["Cycle2"]},"id":"M3T0NfeS1U","from_name":"cycel_label","to_name":"ts","type":"timeserieslabels"},{"value":{"start":3971,"end":4031,"instant":false,"timeserieslabels":["Cycle2"]},"id":"WKgRk-0s_w","from_name":"cycel_label","to_name":"ts","type":"timeserieslabels"},{"value":{"start":4346,"end":4396,"instant":false,"timeserieslabels":["Cycle2"]},"id":"aVbsHszC-J","from_name":"cycel_label","to_name":"ts","type":"timeserieslabels"},{"value":{"start":4791,"end":4846,"instant":false,"timeserieslabels":["Cycle2"]},"id":"Ij0ARra0aD","from_name":"cycel_label","to_name":"ts","type":"timeserieslabels"},{"value":{"start":5065,"end":5117,"instant":false,"timeserieslabels":["Cycle2"]},"id":"I7n2x9Xh_a","from_name":"cycel_label","to_name":"ts","type":"timeserieslabels"},{"value":{"start":5439,"end":5484,"instant":false,"timeserieslabels":["Cycle2"]},"id":"AklPOjgWzU","from_name":"cycel_label","to_name":"ts","type":"timeserieslabels"},{"value":{"start":5928,"end":6049,"instant":false,"timeserieslabels":["Cycle2"]},"id":"OVgXMZawvK","from_name":"cycel_label","to_name":"ts","type":"timeserieslabels"},{"value":{"start":6502,"end":6581,"instant":false,"timeserieslabels":["Cycle2"]},"id":"TYypvprM9K","from_name":"cycel_label","to_name":"ts","type":"timeserieslabels"},{"value":{"start":6821,"end":6869,"instant":false,"timeserieslabels":["Cycle2"]},"id":"Kvvyy43Fwe","from_name":"cycel_label","to_name":"ts","type":"timeserieslabels"},{"value":{"start":6961,"end":7016,"instant":false,"timeserieslabels":["Cycle2"]},"id":"EYzi1Lmfof","from_name":"cycel_label","to_name":"ts","type":"timeserieslabels"},{"value":{"start":7196,"end":7259,"instant":false,"timeserieslabels":["Cycle2"]},"id":"VjKp0eY8Tb","from_name":"cycel_label","to_name":"ts","type":"timeserieslabels"},{"value":{"start":7477,"end":7535,"instant":false,"timeserieslabels":["Cycle2"]},"id":"pyGST6k7JB","from_name":"cycel_label","to_name":"ts","type":"timeserieslabels"},{"value":{"start":7871,"end":7913,"instant":false,"timeserieslabels":["Cycle2"]},"id":"rYclzvHQK2","from_name":"cycel_label","to_name":"ts","type":"timeserieslabels"},{"value":{"start":8318,"end":8363,"instant":false,"timeserieslabels":["Cycle2"]},"id":"esgRp9Bv4e","from_name":"cycel_label","to_name":"ts","type":"timeserieslabels"},{"value":{"start":8560,"end":8618,"instant":false,"timeserieslabels":["Cycle2"]},"id":"uofiXEMqhA","from_name":"cycel_label","to_name":"ts","type":"timeserieslabels"},{"value":{"start":8698,"end":8748,"instant":false,"timeserieslabels":["Cycle2"]},"id":"bTrd-QxZmV","from_name":"cycel_label","to_name":"ts","type":"timeserieslabels"},{"value":{"start":8813,"end":8879,"instant":false,"timeserieslabels":["Cycle2"]},"id":"i1tUPtJO4q","from_name":"cycel_label","to_name":"ts","type":"timeserieslabels"},{"value":{"start":9124,"end":9163,"instant":false,"timeserieslabels":["Cycle2"]},"id":"rPgZXVrd04","from_name":"cycel_label","to_name":"ts","type":"timeserieslabels"},{"value":{"start":9376,"end":9415,"instant":false,"timeserieslabels":["Cycle2"]},"id":"etVcleTRqN","from_name":"cycel_label","to_name":"ts","type":"timeserieslabels"},{"value":{"start":9638,"end":9685,"instant":false,"timeserieslabels":["Cycle2"]},"id":"7vLkj7_1Fe","from_name":"cycel_label","to_name":"ts","type":"timeserieslabels"},{"value":{"start":9784,"end":9830,"instant":false,"timeserieslabels":["Cycle2"]},"id":"dgooZRMqr-","from_name":"cycel_label","to_name":"ts","type":"timeserieslabels"},{"value":{"start":10180,"end":10246,"instant":false,"timeserieslabels":["Cycle2"]},"id":"llhEcwTtAU","from_name":"cycel_label","to_name":"ts","type":"timeserieslabels"},{"value":{"start":10459,"end":10496,"instant":false,"timeserieslabels":["Cycle2"]},"id":"KkUObnOCii","from_name":"cycel_label","to_name":"ts","type":"timeserieslabels"},{"value":{"start":10735,"end":10785,"instant":false,"timeserieslabels":["Cycle2"]},"id":"MBFVQb4_Wv","from_name":"cycel_label","to_name":"ts","type":"timeserieslabels"},{"value":{"start":10593,"end":10642,"instant":false,"timeserieslabels":["Cycle2"]},"id":"FrTZvUMfvG","from_name":"cycel_label","to_name":"ts","type":"timeserieslabels"},{"value":{"start":11153,"end":11234,"instant":false,"timeserieslabels":["Cycle2"]},"id":"x7K-BU5c1d","from_name":"cycel_label","to_name":"ts","type":"timeserieslabels"},{"value":{"start":11595,"end":11650,"instant":false,"timeserieslabels":["Cycle2"]},"id":"oBamBnLqUk","from_name":"cycel_label","to_name":"ts","type":"timeserieslabels"},{"value":{"start":11853,"end":11906,"instant":false,"timeserieslabels":["Cycle2"]},"id":"gh6wry1gc2","from_name":"cycel_label","to_name":"ts","type":"timeserieslabels"},{"value":{"start":12152,"end":12193,"instant":false,"timeserieslabels":["Cycle2"]},"id":"PkpIJ0LRL7","from_name":"cycel_label","to_name":"ts","type":"timeserieslabels"},{"value":{"start":12414,"end":12455,"instant":false,"timeserieslabels":["Cycle2"]},"id":"Zwj82eV9FO","from_name":"cycel_label","to_name":"ts","type":"timeserieslabels"},{"value":{"start":12543,"end":12591,"instant":false,"timeserieslabels":["Cycle2"]},"id":"-aTDyfRCPM","from_name":"cycel_label","to_name":"ts","type":"timeserieslabels"},{"value":{"start":12677,"end":12725,"instant":false,"timeserieslabels":["Cycle2"]},"id":"9zcXEd2xIT","from_name":"cycel_label","to_name":"ts","type":"timeserieslabels"},{"value":{"start":12923,"end":12968,"instant":false,"timeserieslabels":["Cycle2"]},"id":"n_P1X9zR7e","from_name":"cycel_label","to_name":"ts","type":"timeserieslabels"},{"value":{"start":13069,"end":13109,"instant":false,"timeserieslabels":["Cycle2"]},"id":"q9Jtkt-0_Q","from_name":"cycel_label","to_name":"ts","type":"timeserieslabels"},{"value":{"start":13958,"end":14005,"instant":false,"timeserieslabels":["Cycle2"]},"id":"iBsxBYKgKx","from_name":"cycel_label","to_name":"ts","type":"timeserieslabels"},{"value":{"start":13415,"end":13454,"instant":false,"timeserieslabels":["Cycle2"]},"id":"_XLZZygAyx","from_name":"cycel_label","to_name":"ts","type":"timeserieslabels"},{"value":{"start":13648,"end":13692,"instant":false,"timeserieslabels":["Cycle2"]},"id":"uyCsCrIhKD","from_name":"cycel_label","to_name":"ts","type":"timeserieslabels"},{"value":{"start":14581,"end":14731,"instant":false,"timeserieslabels":["Cycle2"]},"id":"vy7CreofLl","from_name":"cycel_label","to_name":"ts","type":"timeserieslabels"},{"value":{"start":14947,"end":15027,"instant":false,"timeserieslabels":["Cycle2"]},"id":"gWs0nSFUuc","from_name":"cycel_label","to_name":"ts","type":"timeserieslabels"},{"value":{"start":15353,"end":15413,"instant":false,"timeserieslabels":["Cycle2"]},"id":"KDl-3W9hL0","from_name":"cycel_label","to_name":"ts","type":"timeserieslabels"},{"value":{"start":15663,"end":15727,"instant":false,"timeserieslabels":["Cycle2"]},"id":"lB4aXF-bmq","from_name":"cycel_label","to_name":"ts","type":"timeserieslabels"},{"value":{"start":15844,"end":15879,"instant":false,"timeserieslabels":["Cycle2"]},"id":"DRPa7Kch7T","from_name":"cycel_label","to_name":"ts","type":"timeserieslabels"},{"value":{"start":16116,"end":16158,"instant":false,"timeserieslabels":["Cycle2"]},"id":"cOvmoMwx_2","from_name":"cycel_label","to_name":"ts","type":"timeserieslabels"},{"value":{"start":16484,"end":16525,"instant":false,"timeserieslabels":["Cycle2"]},"id":"stjh73DtL_","from_name":"cycel_label","to_name":"ts","type":"timeserieslabels"},{"value":{"start":16742,"end":16810,"instant":false,"timeserieslabels":["Cycle2"]},"id":"qhXUIWDWSI","from_name":"cycel_label","to_name":"ts","type":"timeserieslabels"},{"value":{"start":17188,"end":17291,"instant":false,"timeserieslabels":["Cycle2"]},"id":"cAUixvLLjw","from_name":"cycel_label","to_name":"ts","type":"timeserieslabels"},{"value":{"start":17401,"end":17445,"instant":false,"timeserieslabels":["Cycle2"]},"id":"waRB2PuBSD","from_name":"cycel_label","to_name":"ts","type":"timeserieslabels"},{"value":{"start":17645,"end":17713,"instant":false,"timeserieslabels":["Cycle2"]},"id":"72eXqU5Lqw","from_name":"cycel_label","to_name":"ts","type":"timeserieslabels"},{"value":{"start":17919,"end":17979,"instant":false,"timeserieslabels":["Cycle2"]},"id":"9z-C250efY","from_name":"cycel_label","to_name":"ts","type":"timeserieslabels"},{"value":{"start":18078,"end":18156,"instant":false,"timeserieslabels":["Cycle2"]},"id":"0LnG7dvXcB","from_name":"cycel_label","to_name":"ts","type":"timeserieslabels"},{"value":{"start":18388,"end":18431,"instant":false,"timeserieslabels":["Cycle2"]},"id":"pfSpz-KHF-","from_name":"cycel_label","to_name":"ts","type":"timeserieslabels"},{"value":{"start":18546,"end":18600,"instant":false,"timeserieslabels":["Cycle2"]},"id":"WSxsbouFVg","from_name":"cycel_label","to_name":"ts","type":"timeserieslabels"},{"value":{"start":18852,"end":18891,"instant":false,"timeserieslabels":["Cycle2"]},"id":"LEAouRwQYr","from_name":"cycel_label","to_name":"ts","type":"timeserieslabels"},{"value":{"start":19120,"end":19165,"instant":false,"timeserieslabels":["Cycle2"]},"id":"Dzg-hdYUnZ","from_name":"cycel_label","to_name":"ts","type":"timeserieslabels"},{"value":{"start":19388,"end":19440,"instant":false,"timeserieslabels":["Cycle2"]},"id":"iR8IG3fi-6","from_name":"cycel_label","to_name":"ts","type":"timeserieslabels"},{"value":{"start":19599,"end":19657,"instant":false,"timeserieslabels":["Cycle2"]},"id":"wYM1MvWcqA","from_name":"cycel_label","to_name":"ts","type":"timeserieslabels"},{"value":{"start":19807,"end":19851,"instant":false,"timeserieslabels":["Cycle2"]},"id":"qzvtBWOUrD","from_name":"cycel_label","to_name":"ts","type":"timeserieslabels"},{"value":{"start":20663,"end":20719,"instant":false,"timeserieslabels":["Cycle2"]},"id":"UIMWPyxPaZ","from_name":"cycel_label","to_name":"ts","type":"timeserieslabels"},{"value":{"start":21053,"end":21090,"instant":false,"timeserieslabels":["Cycle2"]},"id":"PLwHO3G1LO","from_name":"cycel_label","to_name":"ts","type":"timeserieslabels"},{"value":{"start":21306,"end":21368,"instant":false,"timeserieslabels":["Cycle2"]},"id":"IMcByjGd85","from_name":"cycel_label","to_name":"ts","type":"timeserieslabels"},{"value":{"start":21523,"end":21581,"instant":false,"timeserieslabels":["Cycle2"]},"id":"mOuKxymjgz","from_name":"cycel_label","to_name":"ts","type":"timeserieslabels"},{"value":{"start":21705,"end":21758,"instant":false,"timeserieslabels":["Cycle2"]},"id":"D5-PyM01MT","from_name":"cycel_label","to_name":"ts","type":"timeserieslabels"},{"value":{"start":21853,"end":21921,"instant":false,"timeserieslabels":["Cycle2"]},"id":"xyotGp_eeE","from_name":"cycel_label","to_name":"ts","type":"timeserieslabels"},{"value":{"start":22173,"end":22225,"instant":false,"timeserieslabels":["Cycle2"]},"id":"hO2_YEwU4H","from_name":"cycel_label","to_name":"ts","type":"timeserieslabels"},{"value":{"start":23287,"end":23329,"instant":false,"timeserieslabels":["Cycle2"]},"id":"t8ExWdbCcm","from_name":"cycel_label","to_name":"ts","type":"timeserieslabels"},{"value":{"start":22866,"end":22912,"instant":false,"timeserieslabels":["Cycle2"]},"id":"jMzmD6rVou","from_name":"cycel_label","to_name":"ts","type":"timeserieslabels"},{"value":{"start":23537,"end":23578,"instant":false,"timeserieslabels":["Cycle2"]},"id":"g1v2jGf72D","from_name":"cycel_label","to_name":"ts","type":"timeserieslabels"},{"value":{"start":23861,"end":23906,"instant":false,"timeserieslabels":["Cycle2"]},"id":"N7Nm-MqrrD","from_name":"cycel_label","to_name":"ts","type":"timeserieslabels"},{"value":{"start":24125,"end":24177,"instant":false,"timeserieslabels":["Cycle2"]},"id":"8j_Uuad4VZ","from_name":"cycel_label","to_name":"ts","type":"timeserieslabels"},{"value":{"start":24402,"end":24464,"instant":false,"timeserieslabels":["Cycle2"]},"id":"-nXnXw2P6B","from_name":"cycel_label","to_name":"ts","type":"timeserieslabels"},{"value":{"start":24852,"end":24914,"instant":false,"timeserieslabels":["Cycle2"]},"id":"ODa1lq1Te6","from_name":"cycel_label","to_name":"ts","type":"timeserieslabels"},{"value":{"start":25225,"end":25277,"instant":false,"timeserieslabels":["Cycle2"]},"id":"SHNXD3WC1U","from_name":"cycel_label","to_name":"ts","type":"timeserieslabels"},{"value":{"start":25518,"end":25555,"instant":false,"timeserieslabels":["Cycle2"]},"id":"ug4ww1AIYA","from_name":"cycel_label","to_name":"ts","type":"timeserieslabels"},{"value":{"start":25772,"end":25826,"instant":false,"timeserieslabels":["Cycle2"]},"id":"VvjipWXjGQ","from_name":"cycel_label","to_name":"ts","type":"timeserieslabels"},{"value":{"start":26170,"end":26209,"instant":false,"timeserieslabels":["Cycle2"]},"id":"78SmbkbeK0","from_name":"cycel_label","to_name":"ts","type":"timeserieslabels"},{"value":{"start":26319,"end":26360,"instant":false,"timeserieslabels":["Cycle2"]},"id":"NEFQGUn69x","from_name":"cycel_label","to_name":"ts","type":"timeserieslabels"},{"value":{"start":26980,"end":27027,"instant":false,"timeserieslabels":["Cycle2"]},"id":"vj295zaV6Y","from_name":"cycel_label","to_name":"ts","type":"timeserieslabels"},{"value":{"start":27139,"end":27180,"instant":false,"timeserieslabels":["Cycle2"]},"id":"aMS74b9x3C","from_name":"cycel_label","to_name":"ts","type":"timeserieslabels"},{"value":{"start":27378,"end":27426,"instant":false,"timeserieslabels":["Cycle2"]},"id":"f21IwkEjwj","from_name":"cycel_label","to_name":"ts","type":"timeserieslabels"},{"value":{"start":28226,"end":28301,"instant":false,"timeserieslabels":["Cycle2"]},"id":"IAgKudy5Jh","from_name":"cycel_label","to_name":"ts","type":"timeserieslabels"},{"value":{"start":28525,"end":28563,"instant":false,"timeserieslabels":["Cycle2"]},"id":"3uGIvaAqOo","from_name":"cycel_label","to_name":"ts","type":"timeserieslabels"},{"value":{"start":28771,"end":28814,"instant":false,"timeserieslabels":["Cycle2"]},"id":"q0TEJCV8h_","from_name":"cycel_label","to_name":"ts","type":"timeserieslabels"},{"value":{"start":29047,"end":29087,"instant":false,"timeserieslabels":["Cycle2"]},"id":"uNOmoSrtGI","from_name":"cycel_label","to_name":"ts","type":"timeserieslabels"},{"value":{"start":29857,"end":29896,"instant":false,"timeserieslabels":["Cycle2"]},"id":"IMQHHECqpC","from_name":"cycel_label","to_name":"ts","type":"timeserieslabels"},{"value":{"start":29618,"end":29659,"instant":false,"timeserieslabels":["Cycle2"]},"id":"3R5hvJjl80","from_name":"cycel_label","to_name":"ts","type":"timeserieslabels"},{"value":{"start":30307,"end":30346,"instant":false,"timeserieslabels":["Cycle2"]},"id":"jafPzxflXe","from_name":"cycel_label","to_name":"ts","type":"timeserieslabels"},{"value":{"start":30567,"end":30604,"instant":false,"timeserieslabels":["Cycle2"]},"id":"3NcYr0ztCy","from_name":"cycel_label","to_name":"ts","type":"timeserieslabels"},{"value":{"start":30827,"end":30901,"instant":false,"timeserieslabels":["Cycle2"]},"id":"aHDhb0nKP6","from_name":"cycel_label","to_name":"ts","type":"timeserieslabels"},{"value":{"start":30984,"end":31023,"instant":false,"timeserieslabels":["Cycle2"]},"id":"KY3a5wiIU_","from_name":"cycel_label","to_name":"ts","type":"timeserieslabels"},{"value":{"start":31126,"end":31166,"instant":false,"timeserieslabels":["Cycle2"]},"id":"8f2K_EL_bE","from_name":"cycel_label","to_name":"ts","type":"timeserieslabels"},{"value":{"start":31384,"end":31433,"instant":false,"timeserieslabels":["Cycle2"]},"id":"IzTymJ8Vkq","from_name":"cycel_label","to_name":"ts","type":"timeserieslabels"},{"value":{"start":31651,"end":31702,"instant":false,"timeserieslabels":["Cycle2"]},"id":"6gKZbeYsWD","from_name":"cycel_label","to_name":"ts","type":"timeserieslabels"},{"value":{"start":31791,"end":31836,"instant":false,"timeserieslabels":["Cycle2"]},"id":"MEy12Wwcbo","from_name":"cycel_label","to_name":"ts","type":"timeserieslabels"},{"value":{"start":32169,"end":32232,"instant":false,"timeserieslabels":["Cycle2"]},"id":"pAijnwOAbC","from_name":"cycel_label","to_name":"ts","type":"timeserieslabels"},{"value":{"start":32589,"end":32643,"instant":false,"timeserieslabels":["Cycle2"]},"id":"nFwg7qGGol","from_name":"cycel_label","to_name":"ts","type":"timeserieslabels"},{"value":{"start":32324,"end":32375,"instant":false,"timeserieslabels":["Cycle2"]},"id":"uN7ZIlopo3","from_name":"cycel_label","to_name":"ts","type":"timeserieslabels"},{"value":{"start":32845,"end":32897,"instant":false,"timeserieslabels":["Cycle2"]},"id":"iQR_V-ic5i","from_name":"cycel_label","to_name":"ts","type":"timeserieslabels"},{"value":{"start":33161,"end":33208,"instant":false,"timeserieslabels":["Cycle2"]},"id":"ax97TvZEMV","from_name":"cycel_label","to_name":"ts","type":"timeserieslabels"},{"value":{"start":33288,"end":33338,"instant":false,"timeserieslabels":["Cycle2"]},"id":"GpVN1OJA0y","from_name":"cycel_label","to_name":"ts","type":"timeserieslabels"},{"value":{"start":33595,"end":33630,"instant":false,"timeserieslabels":["Cycle2"]},"id":"UCcIpqnL5q","from_name":"cycel_label","to_name":"ts","type":"timeserieslabels"},{"value":{"start":33850,"end":33897,"instant":false,"timeserieslabels":["Cycle2"]},"id":"IicWTsjG5B","from_name":"cycel_label","to_name":"ts","type":"timeserieslabels"},{"value":{"start":34300,"end":34355,"instant":false,"timeserieslabels":["Cycle2"]},"id":"DS37khC6sy","from_name":"cycel_label","to_name":"ts","type":"timeserieslabels"},{"value":{"start":35142,"end":35211,"instant":false,"timeserieslabels":["Cycle2"]},"id":"R8a6zarkPu","from_name":"cycel_label","to_name":"ts","type":"timeserieslabels"},{"value":{"start":36124,"end":36168,"instant":false,"timeserieslabels":["Cycle2"]},"id":"Akn0hE0jA0","from_name":"cycel_label","to_name":"ts","type":"timeserieslabels"},{"value":{"start":35391,"end":35477,"instant":false,"timeserieslabels":["Cycle2"]},"id":"MXCqrEjpDW","from_name":"cycel_label","to_name":"ts","type":"timeserieslabels"},{"value":{"start":36406,"end":36451,"instant":false,"timeserieslabels":["Cycle2"]},"id":"LExp58xpOP","from_name":"cycel_label","to_name":"ts","type":"timeserieslabels"},{"value":{"start":36708,"end":36754,"instant":false,"timeserieslabels":["Cycle2"]},"id":"-tGIK5_RGz","from_name":"cycel_label","to_name":"ts","type":"timeserieslabels"},{"value":{"start":37005,"end":37051,"instant":false,"timeserieslabels":["Cycle2"]},"id":"wGkpVAnTyK","from_name":"cycel_label","to_name":"ts","type":"timeserieslabels"},{"value":{"start":37374,"end":37425,"instant":false,"timeserieslabels":["Cycle2"]},"id":"2eGcNBXLie","from_name":"cycel_label","to_name":"ts","type":"timeserieslabels"},{"value":{"start":37511,"end":37566,"instant":false,"timeserieslabels":["Cycle2"]},"id":"i6qOhPOmsM","from_name":"cycel_label","to_name":"ts","type":"timeserieslabels"},{"value":{"start":37676,"end":37724,"instant":false,"timeserieslabels":["Cycle2"]},"id":"Z3qHucbsVj","from_name":"cycel_label","to_name":"ts","type":"timeserieslabels"},{"value":{"start":37600,"end":37645,"instant":false,"timeserieslabels":["Cycle1"]},"id":"fEfxsBdrDv","from_name":"cycel_label","to_name":"ts","type":"timeserieslabels"},{"value":{"start":37750,"end":37795,"instant":false,"timeserieslabels":["Cycle1"]},"id":"Id_pKbOchV","from_name":"cycel_label","to_name":"ts","type":"timeserieslabels"},{"value":{"start":37820,"end":37866,"instant":false,"timeserieslabels":["Cycle2"]},"id":"eYvww3-8ps","from_name":"cycel_label","to_name":"ts","type":"timeserieslabels"},{"value":{"start":37891,"end":37941,"instant":false,"timeserieslabels":["Cycle1"]},"id":"l6mKJ56wdY","from_name":"cycel_label","to_name":"ts","type":"timeserieslabels"},{"value":{"start":37970,"end":38020,"instant":false,"timeserieslabels":["Cycle2"]},"id":"_BpJfOSvB7","from_name":"cycel_label","to_name":"ts","type":"timeserieslabels"},{"value":{"start":38049,"end":38089,"instant":false,"timeserieslabels":["Cycle1"]},"id":"kf5PGY8Qyj","from_name":"cycel_label","to_name":"ts","type":"timeserieslabels"},{"value":{"start":38194,"end":38267,"instant":false,"timeserieslabels":["Cycle1"]},"id":"4U9G8J8s3S","from_name":"cycel_label","to_name":"ts","type":"timeserieslabels"},{"value":{"start":38310,"end":38352,"instant":false,"timeserieslabels":["Cycle1"]},"id":"_PNi3j6LzV","from_name":"cycel_label","to_name":"ts","type":"timeserieslabels"},{"value":{"start":38378,"end":38442,"instant":false,"timeserieslabels":["Cycle2"]},"id":"v6z8dG83n2","from_name":"cycel_label","to_name":"ts","type":"timeserieslabels"},{"value":{"start":38471,"end":38523,"instant":false,"timeserieslabels":["Cycle1"]},"id":"7QK0Z5f-bo","from_name":"cycel_label","to_name":"ts","type":"timeserieslabels"},{"value":{"start":38623,"end":38675,"instant":false,"timeserieslabels":["Cycle1"]},"id":"pIyarqU8MM","from_name":"cycel_label","to_name":"ts","type":"timeserieslabels"},{"value":{"start":38764,"end":38801,"instant":false,"timeserieslabels":["Cycle1"]},"id":"H7SQHkOrAs","from_name":"cycel_label","to_name":"ts","type":"timeserieslabels"},{"value":{"start":38697,"end":38738,"instant":false,"timeserieslabels":["Cycle2"]},"id":"FWjidoKnRd","from_name":"cycel_label","to_name":"ts","type":"timeserieslabels"},{"value":{"start":38830,"end":38870,"instant":false,"timeserieslabels":["Cycle2"]},"id":"E4-8cyr6HG","from_name":"cycel_label","to_name":"ts","type":"timeserieslabels"},{"value":{"start":38898,"end":38954,"instant":false,"timeserieslabels":["Cycle1"]},"id":"_Mj5Br5iBX","from_name":"cycel_label","to_name":"ts","type":"timeserieslabels"},{"value":{"start":38982,"end":39020,"instant":false,"timeserieslabels":["Cycle2"]},"id":"4MhqdTjOth","from_name":"cycel_label","to_name":"ts","type":"timeserieslabels"}],"was_cancelled":false,"ground_truth":false,"created_at":"2021-07-28T21:44:24.944197Z","updated_at":"2021-07-28T21:44:24.944231Z","lead_time":20745.226,"prediction":{},"result_count":0,"task":15}],"predictions":[],"file_upload":"dev_7B_16_to_label_Nu8R32d.csv","data":{"csv_url":"\/data\/upload\/dev_7B_16_to_label_Nu8R32d.csv"},"meta":{},"created_at":"2021-07-27T17:44:24.863403Z","updated_at":"2021-07-27T17:44:24.863428Z","project":8}]