Date-Time,Yaw[0](deg),Pitch[0](deg),Roll[0](deg),Yaw[1](deg),Pitch[1](deg),Roll[1](deg),DeltaYaw,DeltaPitch,DeltaRoll
2020-11-10 14:48:36.029000+00:00,197.95,123.83,248.64,254.43,277.49,264.15,-73.1114206715652,-1.7025398573300128,-153.37115941636716
2020-11-10 14:48:36.030000+00:00,197.95,123.83,187.2,166.72,82.69,166.94,8.943604699136301,-40.642868265661996,3.3508766874681166
2020-11-10 14:48:36.179000+00:00,197.95,123.83,269.12,83.02,249.44,295.55,125.99783368546154,8.846601672258481,127.58638179985971
2020-11-10 14:48:36.179000+00:00,285.25,259.56,261.44,292.95,294.72,282.61,-25.16695355601377,-16.288441111155436,-31.011717271904274
2020-11-10 14:48:36.270000+00:00,264.73,293.01,297.93,285.21,85.58,25.73,-76.65907525631252,20.755792408006183,-168.56650143249385
2020-11-10 14:48:37.200000+00:00,195.24,123.83,279.36,264.65,118.22,33.74,48.184084090122916,-26.703380010145025,-45.75715660468743
2020-11-10 14:48:37.200000+00:00,195.24,123.83,187.2,166.72,82.69,123.4,-43.935900359717714,-27.058435252395142,27.115025651088377
2020-11-10 14:48:38.129000+00:00,169.68,123.83,251.2,292.81,280.15,297.97,-33.80722918845409,-27.56021008804345,-176.52075049610372
2020-11-10 14:48:38.130000+00:00,243.92,82.4,82.65,197.77,179.52,82.62,-47.24947985255783,70.89578389093317,-112.25395446357649
2020-11-10 14:48:39.179000+00:00,197.95,123.83,248.64,257.1,194.88,213.21,-99.06950000384144,31.32123434853735,-74.7216053963151
2020-11-10 14:48:39.179000+00:00,259.7,284.48,277.58,282.65,118.77,118.22,158.9934175363619,3.4955810362306585,137.51612650473444
2020-11-10 14:48:43.231000+00:00,197.95,126.39,248.64,254.43,277.49,264.15,-73.18641399079151,-1.6534345929710148,-150.8105321227818
2020-11-10 14:48:43.232000+00:00,197.95,126.39,187.2,166.72,82.69,179.9,26.252214308051506,-43.24205659954165,-6.640406950581967
2020-11-10 14:48:43.980000+00:00,197.95,126.39,269.12,83.02,249.44,295.55,125.60139316477492,9.63141498547948,125.11759620739548
2020-11-10 14:48:44.279000+00:00,285.25,259.56,261.44,292.95,294.72,282.61,-25.16695355601377,-16.288441111155436,-31.011717271904274
2020-11-10 14:48:44.579000+00:00,264.73,293.01,297.93,285.21,85.58,25.73,-76.65907525631252,20.755792408006183,-168.56650143249385
2020-11-10 14:48:44.580000+00:00,195.24,126.39,279.36,264.65,118.22,33.74,48.92468792220618,-28.842845921754165,-47.34617573488217
2020-11-10 14:48:44.580000+00:00,195.24,126.39,187.2,166.72,82.69,123.4,-45.09737285029258,-28.34806682266669,29.61292632159897
2020-11-10 14:48:45.629000+00:00,169.68,126.39,251.2,292.81,280.15,297.97,-34.372990735113824,-29.903137319475302,-175.3440951531139
2020-11-10 14:48:45.630000+00:00,169.68,126.39,187.2,166.72,82.69,179.9,-2.017785691948453,-43.242056599541634,-6.640406950581963
2020-11-10 14:48:46.379000+00:00,197.95,126.39,248.64,257.1,194.88,213.21,-97.64141146518064,32.455954924948685,-72.01876511692552
2020-11-10 14:48:46.380000+00:00,257.1,194.88,213.28,128.5,169.68,126.39,67.07335714146019,-66.68898350731452,89.19180689573557
2020-11-10 14:48:50.609000+00:00,197.95,123.83,269.12,83.02,249.41,298.11,128.20584008628234,10.19064474983008,128.03115574676872
2020-11-10 14:48:50.610000+00:00,285.18,83.06,259.71,295.5,292.95,256.32,34.24999648517434,12.005561482990394,152.43114022910703
2020-11-10 14:48:51.470000+00:00,197.95,126.39,269.12,83.02,249.41,298.11,127.75438595634441,11.067616102646358,125.5840319073349
2020-11-10 14:48:51.471000+00:00,285.18,83.06,259.71,295.5,292.95,256.32,34.24999648517434,12.005561482990394,152.43114022910703
2020-11-10 14:48:56.879000+00:00,251.2,249.37,259.71,83.07,299.92,105.8,-36.51485438532799,-10.19794620180296,10.091084320455268
2020-11-10 14:48:56.891000+00:00,294.72,262.23,83.08,292.89,282.71,297.28,148.01075852740325,1.5840152529936742,-7.466620004756103
2020-11-10 14:48:58.919000+00:00,282.65,82.95,267.4,82.93,205.63,82.65,5.667083190072466,-7.280706351936325,108.75980641892149
2020-11-10 14:48:59.129000+00:00,269.12,257.1,254.49,259.61,118.91,118.22,126.29154228567936,5.294560412357355,159.27108918395692
2020-11-10 14:48:59.129000+00:00,294.72,297.97,292.16,249.33,121.32,293.03,3.3164934952682548,-0.8010288521852847,176.71881295447545
2020-11-10 14:49:03.390000+00:00,277.18,295.37,82.96,293.03,298.01,82.93,-15.801086862125091,-1.044325437382286,-2.4248333477043458
2020-11-10 14:49:03.569000+00:00,292.16,249.33,82.92,249.44,259.59,269.12,-145.92553636416642,-8.330809115850746,30.00772718024993
2020-11-10 14:49:05.821000+00:00,308.34,-18.4,-127.97,103.25,0.0,0.0,75.8499745977193,-40.97808207615246,140.649226991718
2020-11-10 14:49:05.822000+00:00,308.45,-17.57,-125.25,103.25,0.0,0.0,77.66763857435457,-43.52175681967101,139.35913090730136
2020-11-10 14:49:05.826000+00:00,306.53,-18.46,-119.4,103.25,0.0,0.0,82.01099935153631,-47.03850552079915,133.09868949478226
2020-11-10 14:49:06+00:00,303.52,-20.46,-112.77,103.25,0.0,0.0,88.03625565419941,-49.533304356924496,123.9678390530143
2020-11-10 14:49:06.001000+00:00,302.44,-32.22,-120.15,103.25,0.0,0.0,85.17897134429754,-36.148214159015296,121.75047842116615
2020-11-10 14:49:06.001000+00:00,311.22,-33.92,-131.94,103.25,0.0,0.0,83.62926911495809,-28.22414667927147,129.00948752396533
2020-11-10 14:49:06.001000+00:00,305.52,-37.47,-118.26,103.25,0.0,0.0,92.29014444261642,-32.75376634918338,116.54025289721756
2020-11-10 14:49:06.002000+00:00,301.72,-31.62,-101.25,103.25,0.0,0.0,106.4524695279013,-43.85079163101527,103.31865194538356
2020-11-10 14:49:06.194000+00:00,306.04,-27.49,-90.46,103.25,0.0,0.0,125.3539452922027,-49.257556934954316,90.6252349930273
2020-11-10 14:49:06.195000+00:00,316.67,-29.74,-95.11,103.25,0.0,0.0,129.40372215729207,-46.728484344738405,96.47818509076876
2020-11-10 14:49:06.360000+00:00,345.1,-19.14,-126.74,103.25,0.0,0.0,114.14618955587959,-41.43394863611436,138.91818193256455
2020-11-10 14:49:06.360000+00:00,334.83,-23.85,-115.35,103.25,0.0,0.0,118.43218875272213,-45.386466459138276,123.88720165031529
2020-11-10 14:49:06.450000+00:00,347.69,-19.16,-127.58,103.25,0.0,0.0,116.04117335691242,-40.80214088493562,139.5560154835274
2020-11-10 14:49:06.540000+00:00,350.84,-19.53,-132.34,103.25,0.0,0.0,115.69208441900929,-36.975100231942186,142.6145101366535
2020-11-10 14:49:06.719000+00:00,352.65,-26.43,-137.91,103.25,0.0,0.0,117.10713528397652,-28.83180781265565,139.33743548731198
2020-11-10 14:49:06.900000+00:00,350.58,-35.49,-137.35,103.25,0.0,0.0,119.08072093967205,-23.822002283260268,130.8918429115066
2020-11-10 14:49:06.902000+00:00,349.37,-41.59,-140.88,103.25,0.0,0.0,116.85222266804756,-17.889933171123452,127.57018618816716
2020-11-10 14:49:07.676000+00:00,355.29,-49.22,-158.64,103.25,0.0,0.0,110.05313105526756,-3.3254887397066333,127.54015192626854
2020-11-10 14:49:07.677000+00:00,25.07,-64.19,161.56,103.25,0.0,0.0,104.1959468517181,19.900520888909238,116.05693331119484
2020-11-10 14:49:07.686000+00:00,53.29,-63.2,123.52,103.25,0.0,0.0,94.16929978482496,34.78286402198989,107.64719829062835
2020-11-10 14:49:07.696000+00:00,61.01,-60.39,112.99,103.25,0.0,0.0,90.73639258875284,39.94183773419344,104.5781978130146
2020-11-10 14:49:07.702000+00:00,65.63,-65.55,114.07,103.25,0.0,0.0,94.69873766212964,35.20444432947164,101.9229496130999
2020-11-10 14:49:07.746000+00:00,71.52,-72.21,117.39,103.25,0.0,0.0,102.2624950612307,28.83553207913404,99.23312598249656
2020-11-10 14:49:07.891000+00:00,78.8,-78.62,118.6,103.25,0.0,0.0,109.25065246790012,23.16135744251075,95.8965926202491
2020-11-10 14:49:07.892000+00:00,95.45,-83.0,107.86,103.25,0.0,0.0,113.96107929392522,19.901268359999573,92.27812109577957
2020-11-10 14:49:07.892000+00:00,136.45,-84.54,71.14,103.25,0.0,0.0,117.08270486044209,18.40946430941809,88.1423095041583
2020-11-10 14:49:07.893000+00:00,168.52,-82.19,41.8,103.25,0.0,0.0,118.6471166147902,18.37513998775229,83.8723341280398
2020-11-10 14:49:08.070000+00:00,181.47,-72.92,30.39,103.25,0.0,0.0,117.13064481676115,21.328681531784877,74.21787347176026
2020-11-10 14:49:08.070000+00:00,177.98,-78.0,33.62,103.25,0.0,0.0,118.58776257736088,19.648222597299174,79.40661356567212
2020-11-10 14:49:08.701000+00:00,191.75,-61.82,22.12,103.25,0.0,0.0,115.15101829225578,22.031802153434032,61.83915606224368
2020-11-10 14:49:08.701000+00:00,197.62,-56.26,18.84,103.25,0.0,0.0,115.90110694578762,21.418791893252877,55.620920248920825
2020-11-10 14:49:08.709000+00:00,203.32,-51.11,16.71,103.25,0.0,0.0,117.85483573442863,20.738966063113946,49.98573353802939
2020-11-10 14:49:08.790000+00:00,208.82,-47.12,15.64,103.25,0.0,0.0,121.03959691409248,20.274494728333305,45.689172543504206
2020-11-10 14:49:08.795000+00:00,219.79,-43.38,15.93,103.25,0.0,0.0,130.82475417682977,20.584945301084,41.70585558329941
2020-11-10 14:49:32.783000+00:00,59.99,-44.84,16.27,103.25,0.0,0.0,-28.185052719344345,20.792579836665315,43.27252132455863
2020-11-10 14:49:32.900000+00:00,59.89,-44.88,16.29,103.25,0.0,0.0,-28.255586345742106,20.80546506101648,43.31577455738264
2020-11-10 14:49:32.901000+00:00,60.06,-44.85,16.26,103.25,0.0,0.0,-28.118395774037925,20.785175087329733,43.282971005933845
2020-11-10 14:49:33.260000+00:00,59.86,-44.85,16.32,103.25,0.0,0.0,-28.275560731877842,20.827690414937727,43.284434500333106
2020-11-10 14:49:41.870000+00:00,59.32,-44.78,16.66,103.25,0.0,0.0,-28.599526946177587,21.071148020747724,43.21841363528372
2020-11-10 14:49:42.050000+00:00,59.17,-44.82,16.88,103.25,0.0,0.0,-28.57676161004316,21.225629538308944,43.26760001284456
2020-11-10 14:49:42.170000+00:00,59.53,-44.93,16.69,103.25,0.0,0.0,-28.31028674265737,21.08685117628121,43.379903750861956
2020-11-10 14:49:42.300000+00:00,59.91,-45.09,16.54,103.25,0.0,0.0,-27.976417099257397,20.97491203850729,43.546967194339075
2020-11-10 14:49:42.350000+00:00,60.15,-45.04,16.19,103.25,0.0,0.0,-28.006470519329525,20.72957939452819,43.484361770147714
2020-11-10 14:49:42.410000+00:00,60.57,-44.93,15.98,103.25,0.0,0.0,-27.77808405212993,20.584472018413013,43.362017447500456
2020-11-10 14:49:42.470000+00:00,60.72,-44.61,15.83,103.25,0.0,0.0,-27.854621463039305,20.48661142885244,43.017373113564084
2020-11-10 14:49:42.834000+00:00,60.65,-44.6,15.72,103.25,0.0,0.0,-28.006298012718304,20.408559798745284,43.00468423077016
2020-11-10 14:49:42.834000+00:00,60.15,-44.77,15.9,103.25,0.0,0.0,-28.31508002076334,20.53222653507476,43.189516532966564
2020-11-10 14:49:42.835000+00:00,59.67,-45.01,16.25,103.25,0.0,0.0,-28.45486501497668,20.772938331194233,43.45376888701765
2020-11-10 14:49:42.836000+00:00,59.23,-44.76,16.65,103.25,0.0,0.0,-28.704367972190084,21.064776745187007,43.1967197810748
2020-11-10 14:49:42.836000+00:00,59.38,-44.93,16.69,103.25,0.0,0.0,-28.46028674265737,21.08685117628123,43.379903750861956
2020-11-10 14:49:42.950000+00:00,59.71,-45.0,16.52,103.25,0.0,0.0,-28.225237643652893,20.964071340681134,43.45009621564432
2020-11-10 14:49:43.550000+00:00,59.98,-44.89,16.42,103.25,0.0,0.0,-28.0688754549826,20.89719042914884,43.32974212467724
2020-11-10 14:49:43.671000+00:00,60.08,-44.87,16.21,103.25,0.0,0.0,-28.126508148920607,20.749120251171085,43.303154474804295
2020-11-10 14:49:43.910000+00:00,60.28,-44.8,16.08,103.25,0.0,0.0,-28.045665637739138,20.65909227942567,43.22537398535785
2020-11-10 14:49:45.564000+00:00,292.85,249.37,83.0,282.65,300.64,227.85,-136.46310361923196,-14.364614092211301,-10.655079317816114
2020-11-10 14:49:45.620000+00:00,59.74,-44.79,16.33,103.25,0.0,0.0,-28.411242950121732,20.83672382472613,43.22051727507517
2020-11-10 14:49:45.800000+00:00,59.88,-44.78,16.3,103.25,0.0,0.0,-28.29643785560079,20.8157625176125,43.209093782932904
2020-11-10 14:49:46.070000+00:00,59.84,-44.84,16.18,103.25,0.0,0.0,-28.399271231479748,20.72879400246752,43.270386114022735
2020-11-10 14:49:46.160000+00:00,59.94,-44.84,16.2,103.25,0.0,0.0,-28.285003011228586,20.742968825030122,43.270853920775394
2020-11-10 14:49:46.251000+00:00,59.98,-44.82,16.24,103.25,0.0,0.0,-28.224044401265644,20.771946267895324,43.250421200811815
2020-11-10 14:49:46.252000+00:00,59.88,-44.87,16.3,103.25,0.0,0.0,-28.262241971886592,20.81287171209138,43.30532788015398
2020-11-10 14:49:46.252000+00:00,59.8,-44.79,16.36,103.25,0.0,0.0,-28.329844558904373,20.85800342466839,43.221256514651394
2020-11-10 14:49:46.520000+00:00,59.79,-44.86,16.39,103.25,0.0,0.0,-28.291757820341605,20.876955919482146,43.2968821063027
2020-11-10 14:49:46.610000+00:00,59.81,-44.89,16.33,103.25,0.0,0.0,-28.303206616939192,20.83346451833857,43.32745716099093
2020-11-10 14:49:46.610000+00:00,59.81,-44.82,16.26,103.25,0.0,0.0,-28.37977738976341,20.78612573822678,43.25089862784214
2020-11-10 14:49:46.700000+00:00,59.98,-44.77,16.22,103.25,0.0,0.0,-28.257252711900353,20.759312992927875,43.19650194704332
2020-11-10 14:49:46.731000+00:00,610.56,16.22,103.25,0.0,0.0,0.0,-109.44000000000004,16.219999999999995,103.25
2020-11-10 14:49:46.880000+00:00,59.74,-44.81,16.25,103.25,0.0,0.0,-28.460703692696843,20.7793503325942,43.23996901451051
2020-11-10 14:49:47.060000+00:00,59.91,-44.86,16.29,103.25,0.0,0.0,-28.243181981366053,20.80611093550036,43.294390532361575
2020-11-10 14:49:47.181000+00:00,59.88,-44.85,16.26,103.25,0.0,0.0,-28.29839577403791,20.78517508732972,43.28297100593387
2020-11-10 14:49:47.181000+00:00,59.86,-44.85,16.28,103.25,0.0,0.0,-28.30411889738077,20.79934697669195,43.283455013685824
2020-11-10 14:49:47.242000+00:00,59.94,-44.83,16.26,103.25,0.0,0.0,-28.245983446671648,20.785809516419754,43.26158946541063
2020-11-10 14:49:47.360000+00:00,59.88,-44.79,16.16,103.25,0.0,0.0,-28.3924380671583,20.716134668229824,43.216490713226335
2020-11-10 14:49:47.420000+00:00,60.02,-44.82,16.24,103.25,0.0,0.0,-28.184044401265634,20.771946267895338,43.250421200811815
2020-11-10 14:49:47.600000+00:00,59.97,-44.81,16.24,103.25,0.0,0.0,-28.237835615081547,20.77225933926995,43.23973123876903
2020-11-10 14:49:47.630000+00:00,59.92,-44.83,16.26,103.25,0.0,0.0,-28.265983446671648,20.785809516419764,43.26158946541063
2020-11-10 14:49:47.720000+00:00,59.71,-44.87,16.25,103.25,0.0,0.0,-28.46794907256632,20.77745451500121,43.30411087733034
2020-11-10 14:49:47.880000+00:00,59.78,-44.86,16.28,103.25,0.0,0.0,-28.38032236997787,20.799026278679246,43.29414663531537
2020-11-10 14:49:48.050000+00:00,59.94,-44.83,16.25,103.25,0.0,0.0,-28.25311853555473,20.778721039713247,43.26134981427948
2020-11-10 14:49:48.051000+00:00,60.03,-44.8,16.23,103.25,0.0,0.0,-28.18875705499884,20.765479484365073,43.22880487213085
2020-11-10 14:49:48.320000+00:00,59.84,-44.8,16.29,103.25,0.0,0.0,-28.335970622366553,20.808032658201427,43.23023736335617
2020-11-10 14:49:48.410000+00:00,59.97,-44.82,16.3,103.25,0.0,0.0,-28.19123896305068,20.81448434321359,43.25186494840274
2020-11-10 14:49:48.410000+00:00,60.03,-44.79,16.25,103.25,0.0,0.0,-28.178289132025803,20.779976979012016,43.218588036901856
2020-11-10 14:49:48.530000+00:00,59.73,-44.84,16.22,103.25,0.0,0.0,-28.48073332978174,20.757143538197237,43.271325546310656
2020-11-10 14:49:48.590000+00:00,59.68,-44.84,16.28,103.25,0.0,0.0,-28.48791549679669,20.799667012419466,43.272763346639856
2020-11-10 14:49:48.721000+00:00,59.84,-44.83,16.2,103.25,0.0,0.0,-28.38878848657394,20.743278240710005,43.26016588608738
2020-11-10 14:49:48.771000+00:00,59.85,-44.84,16.39,103.25,0.0,0.0,-28.239381738117643,20.87762405736505,43.275488702799755
2020-11-10 14:49:49.070000+00:00,59.85,-44.86,16.39,103.25,0.0,0.0,-28.23175782034161,20.87695591948216,43.2968821063027
2020-11-10 14:49:49.070000+00:00,60.14,-44.71,16.14,103.25,0.0,0.0,-28.176910581350498,20.704317980351508,43.13055004915408
2020-11-10 14:49:49.130000+00:00,60.2,-44.68,15.94,103.25,0.0,0.0,-28.27036984338389,20.563042687681683,43.09424773034317
2020-11-10 14:49:49.130000+00:00,59.76,-44.77,16.2,103.25,0.0,0.0,-28.49150279062985,20.745120866329906,43.19603676405399
2020-11-10 14:49:49.312000+00:00,59.62,-44.9,16.34,103.25,0.0,0.0,-28.482255563249375,20.84021446646176,43.33840140908457
2020-11-10 14:49:49.490000+00:00,59.61,-44.9,16.48,103.25,0.0,0.0,-28.392147100307003,20.93932473332397,43.34200915402003
2020-11-10 14:49:49.493000+00:00,59.97,-44.92,16.31,103.25,0.0,0.0,-28.14609728900078,20.81831963366329,43.35903822450086
2020-11-10 14:49:49.851000+00:00,59.99,-44.86,16.19,103.25,0.0,0.0,-28.234569359535808,20.735263104551137,43.291994559599715
2020-11-10 14:49:49.853000+00:00,59.9,-44.77,16.19,103.25,0.0,0.0,-28.35862728251081,20.738024762570838,43.19580560427926
2020-11-10 14:49:49.854000+00:00,59.78,-44.72,16.15,103.25,0.0,0.0,-28.52601703493157,20.71112638522357,43.1414599153922
2020-11-10 14:49:49.880000+00:00,59.67,-44.71,16.21,103.25,0.0,0.0,-28.597103116303412,20.75404324547868,43.13213543542248
2020-11-10 14:49:49.970000+00:00,59.66,-44.84,16.27,103.25,0.0,0.0,-28.515052719344343,20.792579836665315,43.27252132455863
2020-11-10 14:49:50.030000+00:00,59.64,-44.88,16.37,103.25,0.0,0.0,-28.448427588831137,20.862121343778664,43.317767511457454
2020-11-10 14:49:50.420000+00:00,59.93,-44.84,16.32,103.25,0.0,0.0,-28.209362929448968,20.828015431923987,43.2737409943462
2020-11-10 14:49:50.421000+00:00,59.83,-44.82,16.23,103.25,0.0,0.0,-28.38117735749359,20.764856491159765,43.250183920125494
2020-11-10 14:49:50.430000+00:00,59.95,-44.84,16.18,103.25,0.0,0.0,-28.289271231479763,20.72879400246752,43.27038611402274
2020-11-10 14:49:50.431000+00:00,60.2,-44.69,15.81,103.25,0.0,0.0,-28.35894263325315,20.470386674111285,43.10236328983848
2020-11-10 14:49:50.602000+00:00,60.21,-44.52,15.91,103.25,0.0,0.0,-28.341617271108465,20.545846721029363,42.922834342200495
2020-11-10 14:49:50.691000+00:00,59.66,-44.77,16.48,103.25,0.0,0.0,-28.391867885930594,20.94380042900352,43.202897243600795
2020-11-10 14:49:50.751000+00:00,59.72,-44.94,16.26,103.25,0.0,0.0,-28.42425480006558,20.782287398819484,43.37918569878863
2020-11-10 14:49:50.872000+00:00,60.02,-44.77,16.0,103.25,0.0,0.0,-28.373923654066445,20.60319382089547,43.191594728291456
2020-11-10 14:49:51.380000+00:00,59.89,-44.79,16.2,103.25,0.0,0.0,-28.35393108036037,20.74450929949049,43.21741331152614
2020-11-10 14:49:51.381000+00:00,59.73,-44.89,16.42,103.25,0.0,0.0,-28.3188754549826,20.89719042914886,43.32974212467724
2020-11-10 14:49:51.381000+00:00,60.04,-44.85,16.18,103.25,0.0,0.0,-28.195488623506517,20.728486415751068,43.28107318628109
2020-11-10 14:50:06.470000+00:00,59.91,-44.99,16.42,103.25,0.0,0.0,-28.10072078269825,20.89375245473288,43.43671856592918
2020-11-10 14:50:06.582000+00:00,59.73,-45.0,16.37,103.25,0.0,0.0,-28.31272582246477,20.858070664951423,43.44611174659646
2020-11-10 14:50:06.582000+00:00,59.96,-44.92,16.25,103.25,0.0,0.0,-28.198988852216228,20.775856474719685,43.35756119258061
2020-11-10 14:50:06.659000+00:00,60.11,-44.79,16.13,103.25,0.0,0.0,-28.18381448493761,20.69485341499316,43.21580878155427
2020-11-10 14:50:07.160000+00:00,184.14,217.66,0.4,0.0,0.0,25.6,4.139999999999963,-37.66,154.8
2020-11-10 14:50:07.281000+00:00,155.98,217.66,0.4,0.0,0.0,25.6,-24.02000000000001,-37.66000000000001,154.79999999999995
2020-11-10 14:50:07.282000+00:00,171.34,217.66,0.4,0.0,0.0,25.6,-8.660000000000009,-37.660000000000025,154.8
2020-11-10 14:50:07.292000+00:00,60.26,-44.56,16.42,103.25,0.0,0.0,-27.914839482999984,20.908063417805373,42.97668593795411
2020-11-10 14:50:07.400000+00:00,60.14,-44.91,16.48,103.25,0.0,0.0,-27.858322970613127,20.938975779352305,43.35270972405179
2020-11-10 14:50:07.400000+00:00,60.36,-44.74,16.27,103.25,0.0,0.0,-27.85300863161633,20.79573132682397,43.165606783810645
2020-11-10 14:50:07.401000+00:00,60.02,-44.95,16.44,103.25,0.0,0.0,-27.99166505157228,20.909281641358067,43.39445238594201
2020-11-10 14:50:07.520000+00:00,60.0,-44.91,16.27,103.25,0.0,0.0,-28.14848783055417,20.790334400310005,43.34735882348094
2020-11-10 14:50:07.550000+00:00,60.02,-44.91,16.21,103.25,0.0,0.0,-28.17136219422452,20.747863077722503,43.345907479954015
2020-11-10 14:50:07.764000+00:00,60.14,-44.76,16.11,103.25,0.0,0.0,-28.1793834619856,20.6815485861241,43.18330647746495
2020-11-10 14:50:07.765000+00:00,60.15,-44.66,16.12,103.25,0.0,0.0,-28.20001438238401,20.691558444943176,43.07668075652322
2020-11-10 14:50:08.002000+00:00,60.25,-44.65,16.12,103.25,0.0,0.0,-28.10378985011829,20.69184605262333,43.065995652948665
2020-11-10 14:50:08.002000+00:00,60.13,-44.76,16.28,103.25,0.0,0.0,-28.06829086681215,20.80220345430431,43.18722838643389
2020-11-10 14:50:08.030000+00:00,60.23,-44.88,16.33,103.25,0.0,0.0,-27.88700991940751,20.83379343467145,43.31676338131883
2020-11-10 14:50:08.151000+00:00,60.45,-44.84,16.27,103.25,0.0,0.0,-27.72505271934433,20.792579836665315,43.27252132455863
2020-11-10 14:50:08.270000+00:00,60.37,-44.8,16.26,103.25,0.0,0.0,-27.827365488756445,20.786756196295904,43.22951681855545
2020-11-10 14:50:09.068000+00:00,60.39,-44.81,16.21,103.25,0.0,0.0,-27.83922918609521,20.750986194039854,43.23902364180889
2020-11-10 14:50:09.068000+00:00,60.52,-44.77,16.25,103.25,0.0,0.0,-27.695874852357694,20.780600978857507,43.19720688219578
2020-11-10 14:50:09.071000+00:00,60.28,-44.73,16.23,103.25,0.0,0.0,-27.96528818774037,20.7676391337778,43.15397682369933
2020-11-10 14:50:09.080000+00:00,60.23,-44.74,16.13,103.25,0.0,0.0,-28.082695235615567,20.69633388815773,43.162383217234286
2020-11-10 14:50:09.081000+00:00,60.14,-44.73,16.14,103.25,0.0,0.0,-28.16935488174964,20.703729237648524,43.15192157174636
2020-11-10 14:50:09.082000+00:00,60.03,-44.79,16.21,103.25,0.0,0.0,-28.206803421796163,20.75160288994796,43.217646347030716
2020-11-10 14:50:09.092000+00:00,60.03,-44.82,16.21,103.25,0.0,0.0,-28.19544217224605,20.75067685510555,43.24971222372049
2020-11-10 14:50:09.094000+00:00,60.01,-44.8,16.26,103.25,0.0,0.0,-28.18736548875648,20.786756196295904,43.22951681855547
2020-11-10 14:50:09.260000+00:00,59.97,-44.8,16.27,103.25,0.0,0.0,-28.22023423366793,20.793848378193392,43.229756044596215
2020-11-10 14:50:09.260000+00:00,60.05,-44.83,16.28,103.25,0.0,0.0,-28.12171216807756,20.799986385847856,43.26207163427036
2020-11-10 14:50:09.382000+00:00,59.8,-44.8,16.24,103.25,0.0,0.0,-28.41162689915319,20.772571749270465,43.229041232460915
2020-11-10 14:50:09.627000+00:00,59.97,-44.78,16.19,103.25,0.0,0.0,-28.284842794030666,20.737720552377567,43.20649343891394
2020-11-10 14:50:09.627000+00:00,59.99,-44.78,16.21,103.25,0.0,0.0,-28.250590643352552,20.751910246894926,43.20695763434919
2020-11-10 14:50:09.801000+00:00,60.1,-44.79,16.21,103.25,0.0,0.0,-28.13680342179616,20.75160288994796,43.217646347030716
2020-11-10 14:50:09.801000+00:00,60.18,-44.76,16.21,103.25,0.0,0.0,-28.068165293138538,20.752522978707713,43.185580078863886
2020-11-10 14:50:10.131000+00:00,60.04,-44.78,16.21,103.25,0.0,0.0,-28.200590643352555,20.751910246894926,43.2069576343492
2020-11-10 14:50:10.132000+00:00,59.9,-44.78,16.22,103.25,0.0,0.0,-28.3334640203094,20.75900505354953,43.20719116391243
2020-11-10 14:50:10.132000+00:00,60.13,-44.79,16.21,103.25,0.0,0.0,-28.106803421796172,20.75160288994797,43.21764634703069
2020-11-10 14:50:10.140000+00:00,59.91,-44.77,16.21,103.25,0.0,0.0,-28.33437793384924,20.752216943152614,43.19626887826275
2020-11-10 14:50:10.280000+00:00,59.92,-44.8,16.26,103.25,0.0,0.0,-28.277365488756466,20.786756196295904,43.22951681855545
2020-11-10 14:50:10.370000+00:00,60.04,-44.79,16.19,103.25,0.0,0.0,-28.211058373910298,20.737415681978813,43.21718123053108
2020-11-10 14:50:10.490000+00:00,59.95,-44.77,16.18,103.25,0.0,0.0,-28.315751409760534,20.73092863198651,43.19557539880074
2020-11-10 14:50:10.673000+00:00,59.72,-44.76,16.25,103.25,0.0,0.0,-28.499667817529698,20.780911986281602,43.18651623866313
2020-11-10 14:50:10.673000+00:00,59.83,-44.8,16.26,103.25,0.0,0.0,-28.367365488756448,20.786756196295904,43.22951681855546
2020-11-10 14:50:10.730000+00:00,59.91,-44.79,16.25,103.25,0.0,0.0,-28.298289132025793,20.779976979012016,43.21858803690189
2020-11-10 14:50:10.910000+00:00,59.94,-44.84,16.22,103.25,0.0,0.0,-28.27073332978177,20.757143538197237,43.27132554631064
2020-11-10 14:50:11.092000+00:00,59.9,-44.79,16.24,103.25,0.0,0.0,-28.31541825333265,20.7728834978833,43.218351181980196
2020-11-10 14:50:13.761000+00:00,60.04,-44.8,16.29,103.25,0.0,0.0,-28.13597062236657,20.808032658201427,43.23023736335617
2020-11-10 14:50:13.761000+00:00,60.03,-44.76,16.21,103.25,0.0,0.0,-28.218165293138533,20.752522978707727,43.18558007886388
2020-11-10 14:50:14.060000+00:00,59.98,-44.81,16.21,103.25,0.0,0.0,-28.24922918609521,20.750986194039854,43.23902364180889
2020-11-10 14:50:14.060000+00:00,60.18,-44.79,16.09,103.25,0.0,0.0,-28.142311292648568,20.666478043323945,43.21491288834651
2020-11-10 14:50:14.240000+00:00,60.04,-44.82,16.31,103.25,0.0,0.0,-28.11410343736526,20.821573923878105,43.25210891820414
2020-11-10 14:50:14.250000+00:00,59.88,-44.79,16.29,103.25,0.0,0.0,-28.299768980537014,20.808350626312073,43.219545009965294
2020-11-10 14:50:14.250000+00:00,60.03,-44.79,16.21,103.25,0.0,0.0,-28.206803421796163,20.75160288994796,43.217646347030716
2020-11-10 14:50:14.421000+00:00,59.97,-44.77,16.2,103.25,0.0,0.0,-28.28150279062985,20.745120866329888,43.196036764054
2020-11-10 14:50:14.432000+00:00,59.95,-44.81,16.2,103.25,0.0,0.0,-28.28635964528139,20.743895090914872,43.23878968578378
2020-11-10 14:50:14.660000+00:00,60.01,-44.8,16.31,103.25,0.0,0.0,-28.151705541106672,20.82221682575133,43.2307225052769
2020-11-10 14:50:14.660000+00:00,59.92,-44.78,16.27,103.25,0.0,0.0,-28.277825417307504,20.794478676335032,43.20837313570332
2020-11-10 14:50:15.203000+00:00,60.07,-44.82,16.28,103.25,0.0,0.0,-28.10550891107512,20.800305096963168,43.251379876670335
2020-11-10 14:50:15.231000+00:00,60.02,-44.79,16.2,103.25,0.0,0.0,-28.22393108036037,20.74450929949049,43.217413311526116
2020-11-10 14:50:15.240000+00:00,59.92,-44.77,16.22,103.25,0.0,0.0,-28.317252711900373,20.759312992927878,43.19650194704332
2020-11-10 14:50:15.241000+00:00,60.03,-44.82,16.26,103.25,0.0,0.0,-28.159777389763395,20.78612573822677,43.25089862784213
2020-11-10 14:50:15.241000+00:00,60.17,-44.83,16.23,103.25,0.0,0.0,-28.03738761383615,20.76454400287212,43.26087337792387
2020-11-10 14:50:15.412000+00:00,60.12,-44.83,16.28,103.25,0.0,0.0,-28.05171216807755,20.799986385847852,43.26207163427036
2020-11-10 14:50:15.774000+00:00,60.2,-44.82,16.19,103.25,0.0,0.0,-28.039705525183397,20.73649710968223,43.24924434635328
2020-11-10 14:50:15.920000+00:00,60.14,-44.78,16.23,103.25,0.0,0.0,-28.08633703177209,20.766099832986537,43.20742564822323
2020-11-10 14:50:16.100000+00:00,59.84,-44.78,16.28,103.25,0.0,0.0,-28.350696597268527,20.801573318016175,43.20861239582357
2020-11-10 14:50:16.101000+00:00,60.23,-44.76,16.13,103.25,0.0,0.0,-28.07514273621797,20.695743675219045,43.18375356807985
2020-11-10 14:50:16.111000+00:00,60.18,-44.67,15.99,103.25,0.0,0.0,-28.25860912382491,20.59885477858354,43.084594208897286
2020-11-10 14:50:16.111000+00:00,59.97,-44.77,16.15,103.25,0.0,0.0,-28.317121606406932,20.70964008039273,43.194890506766214
2020-11-10 14:50:16.111000+00:00,59.88,-44.83,16.35,103.25,0.0,0.0,-28.241751106079985,20.849604535305946,43.263789339084674
2020-11-10 14:50:16.223000+00:00,59.82,-44.91,16.54,103.25,0.0,0.0,-28.13538860318491,20.981442288043066,43.35431616184076
2020-11-10 14:50:16.224000+00:00,60.0,-44.91,16.35,103.25,0.0,0.0,-28.09130141836306,20.846961227901,43.34934748456882
2020-11-10 14:50:16.404000+00:00,59.92,-44.78,16.15,103.25,0.0,0.0,-28.36334272127086,20.709340841621657,43.20557649895198
2020-11-10 14:50:16.582000+00:00,60.04,-44.78,16.15,103.25,0.0,0.0,-28.24334272127088,20.709340841621657,43.20557649895196
2020-11-10 14:50:16.640000+00:00,60.03,-44.68,16.11,103.25,0.0,0.0,-28.31957260542215,20.68387376645415,43.09783146491272
2020-11-10 14:50:16.761000+00:00,60.05,-44.71,16.09,103.25,0.0,0.0,-28.302476448472266,20.66879915409375,43.129446234475964
2020-11-10 14:50:16.851000+00:00,59.9,-44.78,16.26,103.25,0.0,0.0,-28.30495387050848,20.787384006880266,43.208134831021454
2020-11-10 14:50:17.210000+00:00,59.82,-44.78,16.35,103.25,0.0,0.0,-28.32078456293319,20.851235022774198,43.210313980576274
2020-11-10 14:50:17.210000+00:00,59.72,-44.87,16.39,103.25,0.0,0.0,-28.357945974444355,20.87662085314384,43.30757873659717
2020-11-10 14:50:17.220000+00:00,610.38,16.26,103.25,0.0,0.0,0.0,-109.62000000000003,16.259999999999994,103.25
2020-11-10 14:50:17.221000+00:00,60.47,-44.44,15.71,103.25,0.0,0.0,-28.252879901019806,20.40509063993992,42.83384096689589
2020-11-10 14:50:17.272000+00:00,60.26,-44.64,15.98,103.25,0.0,0.0,-28.196979453055874,20.592556505175885,43.05235178220954
2020-11-10 14:50:17.272000+00:00,60.37,-44.41,15.93,103.25,0.0,0.0,-28.20870716565609,20.562870226363327,42.80577413300842
2020-11-10 14:50:17.450000+00:00,60.04,-44.86,16.32,103.25,0.0,0.0,-28.091758607487264,20.827364734700502,43.295127960120666
2020-11-10 14:50:17.570000+00:00,60.35,-44.48,15.96,103.25,0.0,0.0,-28.18123286423431,20.582515857691416,42.88109543473809
2020-11-10 14:50:17.570000+00:00,60.39,-44.55,16.03,103.25,0.0,0.0,-28.065351346737852,20.63057271533639,42.95725651190017
2020-11-10 14:50:17.990000+00:00,60.35,-44.55,15.84,103.25,0.0,0.0,-28.23995193639521,20.49521643517994,42.953528083840844
2020-11-10 14:50:17.990000+00:00,60.38,-44.72,16.02,103.25,0.0,0.0,-28.018492424502092,20.61879258384981,43.138621148159245
2020-11-10 14:50:18+00:00,59.95,-44.87,16.38,103.25,0.0,0.0,-28.13509145286704,20.86953773233971,43.30732481354948
2020-11-10 14:50:18+00:00,60.23,-44.58,15.96,103.25,0.0,0.0,-28.2636953874324,20.57991990867345,42.987877094481775
2020-11-10 14:50:18.180000+00:00,59.81,-44.91,16.33,103.25,0.0,0.0,-28.295600234351483,20.832804695381714,43.348844579936504
2020-11-10 14:50:18.181000+00:00,60.1,-44.95,16.13,103.25,0.0,0.0,-28.13340739037278,20.69000524037629,43.386763482930895
2020-11-10 14:50:18.381000+00:00,60.2,-44.81,16.12,103.25,0.0,0.0,-28.093390196680303,20.687165297058844,43.23695239106769
2020-11-10 14:50:18.381000+00:00,60.36,-44.59,16.01,103.25,0.0,0.0,-28.094483729522036,20.615251482406627,42.9995692480124
2020-11-10 14:50:18.530000+00:00,60.24,-44.61,16.08,103.25,0.0,0.0,-28.1572867345306,20.66452509560684,43.02239600294568
2020-11-10 14:50:18.590000+00:00,59.78,-45.23,16.37,103.25,0.0,0.0,-28.175161931393355,20.85003953062789,43.69208517138835
2020-11-10 14:50:18.833000+00:00,59.85,-44.98,16.48,103.25,0.0,0.0,-28.121556276570125,20.93651442578259,43.42761231119231
2020-11-10 14:50:19.010000+00:00,59.95,-44.71,16.13,103.25,0.0,0.0,-28.37402447958498,20.697214266491358,43.13032738001239
2020-11-10 14:50:19.071000+00:00,60.25,-44.61,15.96,103.25,0.0,0.0,-28.232435284257026,20.579128353385226,43.019910879160854
2020-11-10 14:50:19.071000+00:00,60.34,-44.37,15.72,103.25,0.0,0.0,-28.40186335599921,20.413781583350207,42.75933926720586
2020-11-10 14:50:19.082000+00:00,59.95,-44.59,16.19,103.25,0.0,0.0,-28.37675959640714,20.7433876359513,43.003417330221055
2020-11-10 14:50:19.250000+00:00,60.21,-44.16,16.0,103.25,0.0,0.0,-28.413267454695372,20.61907045956262,42.5400995117955
2020-11-10 14:50:19.250000+00:00,60.59,-44.3,15.66,103.25,0.0,0.0,-28.22015251159827,20.372370684296428,42.68369760897461
2020-11-10 14:50:19.430000+00:00,59.7,-45.31,16.86,103.25,0.0,0.0,-27.871158527319878,21.19149967989109,43.79214158876052
2020-11-10 14:50:19.430000+00:00,59.82,-44.88,16.7,103.25,0.0,0.0,-28.032395829841644,21.095807935772275,43.32663677587115
2020-11-10 14:50:19.614000+00:00,60.05,-44.96,16.21,103.25,0.0,0.0,-28.122431346311554,20.746276749472226,43.39934773203826
2020-11-10 14:50:19.790000+00:00,60.17,-44.76,16.06,103.25,0.0,0.0,-28.18497893861335,20.646060412455142,43.18220542881289
2020-11-10 14:50:20+00:00,60.67,-44.7,15.75,103.25,0.0,0.0,-27.927809607414986,20.42750005726852,43.111903214507805
2020-11-10 14:50:24.242000+00:00,60.09,-44.68,16.29,103.25,0.0,0.0,-28.131555601184512,20.811804540220148,43.101926169587934
2020-11-10 14:50:24.387000+00:00,60.14,-44.7,16.22,103.25,0.0,0.0,-28.123775479083072,20.7614500613821,43.1216762159704
2020-11-10 14:50:24.391000+00:00,60.29,-44.74,16.12,103.25,0.0,0.0,-28.02981297724643,20.689233872633,43.162160117123754
2020-11-10 14:50:24.560000+00:00,60.33,-44.61,15.97,103.25,0.0,0.0,-28.14534154455164,20.58624487957998,43.02011274171631
2020-11-10 14:50:24.590000+00:00,59.98,-44.71,16.21,103.25,0.0,0.0,-28.287103116303424,20.754043245478684,43.132135435422505
2020-11-10 14:50:24.620000+00:00,59.71,-44.83,16.38,103.25,0.0,0.0,-28.39033368864649,20.870869024318594,43.26453984651818
2020-11-10 14:50:24.802000+00:00,59.77,-44.9,16.48,103.25,0.0,0.0,-28.232147100307003,20.939324733323986,43.342009154020026
2020-11-10 14:50:24.920000+00:00,59.87,-44.89,16.45,103.25,0.0,0.0,-28.157425057154693,20.918431861659187,43.33052101687375
2020-11-10 14:50:24.927000+00:00,60.18,-44.79,16.31,103.25,0.0,0.0,-27.98550670127128,20.822537282075128,43.22002923046021
2020-11-10 14:50:25.162000+00:00,60.22,-44.79,16.24,103.25,0.0,0.0,-27.995418253332662,20.772883497883285,43.21835118198023
2020-11-10 14:50:25.462000+00:00,60.05,-44.81,16.33,103.25,0.0,0.0,-28.093635098080373,20.836077271615004,43.24190562192985
2020-11-10 14:50:25.463000+00:00,59.87,-44.81,16.39,103.25,0.0,0.0,-28.23081817750103,20.878621276986326,43.243398241665105
2020-11-10 14:50:25.492000+00:00,60.13,-44.68,16.13,103.25,0.0,0.0,-28.20535431386996,20.69808871522969,43.098271171855224
2020-11-10 14:50:25.492000+00:00,60.21,-44.64,16.02,103.25,0.0,0.0,-28.21858262978261,20.62100742073731,43.053178098089646
2020-11-10 14:50:25.673000+00:00,59.83,-44.75,16.24,103.25,0.0,0.0,-28.40058436817005,20.774123878186213,43.17559054018551
2020-11-10 14:50:25.674000+00:00,60.01,-44.78,16.29,103.25,0.0,0.0,-28.173567410122644,20.808667931812426,43.208852611520605
2020-11-10 14:50:25.730000+00:00,59.82,-44.94,16.65,103.25,0.0,0.0,-28.04509725947565,21.058180031548343,43.389475873335506
2020-11-10 14:50:26.097000+00:00,59.9,-44.91,16.34,103.25,0.0,0.0,-28.1984510110825,20.839882976303212,43.34909555381096
2020-11-10 14:50:26.180000+00:00,59.93,-44.76,16.21,103.25,0.0,0.0,-28.318165293138538,20.752522978707727,43.18558007886388
2020-11-10 14:50:26.390000+00:00,59.95,-44.73,16.22,103.25,0.0,0.0,-28.30240816761589,20.760538140862323,43.15374464543033
2020-11-10 14:50:26.420000+00:00,60.05,-44.65,16.14,103.25,0.0,0.0,-28.289579256553026,20.70606838998412,43.06643449055153
2020-11-10 14:50:26.630000+00:00,59.99,-44.74,16.23,103.25,0.0,0.0,-28.25149781839136,20.767332596046128,43.16466667563397
2020-11-10 14:50:26.752000+00:00,59.79,-44.83,16.39,103.25,0.0,0.0,-28.30319380969853,20.87795712888045,43.264791929778546
2020-11-10 14:50:26.894000+00:00,59.81,-44.8,16.22,103.25,0.0,0.0,-28.41588684496753,20.75838719201288,43.22856946676143
2020-11-10 14:50:26.933000+00:00,60.14,-44.81,16.11,103.25,0.0,0.0,-28.160517379366013,20.680073953386934,43.23672702135275
2020-11-10 14:50:26.933000+00:00,59.98,-44.84,16.33,103.25,0.0,0.0,-28.15222386697849,20.835102465364766,43.27398779681066
2020-11-10 14:50:26.934000+00:00,60.06,-44.68,16.13,103.25,0.0,0.0,-28.27535431386996,20.69808871522969,43.098271171855224
2020-11-10 14:50:27.020000+00:00,59.9,-44.74,16.29,103.25,0.0,0.0,-28.29876183965077,20.809930527434712,43.166082569064734
2020-11-10 14:50:27.021000+00:00,59.92,-44.77,16.23,103.25,0.0,0.0,-28.310127124514608,20.766409015544546,43.19673597053367
2020-11-10 14:50:27.141000+00:00,59.81,-44.82,16.47,103.25,0.0,0.0,-28.22988477617653,20.93500326871338,43.25614256476652
2020-11-10 14:50:27.141000+00:00,60.01,-44.75,16.24,103.25,0.0,0.0,-28.22058436817007,20.774123878186213,43.17559054018551
2020-11-10 14:50:27.320000+00:00,59.97,-44.95,16.39,103.25,0.0,0.0,-28.077453938707105,20.87391638685148,43.39315005162614
2020-11-10 14:50:27.321000+00:00,60.06,-44.77,16.15,103.25,0.0,0.0,-28.227121606406946,20.70964008039273,43.194890506766214
2020-11-10 14:50:27.860000+00:00,60.06,-44.73,16.11,103.25,0.0,0.0,-28.270703901707936,20.6824254663167,43.151253654910185
2020-11-10 14:50:27.893000+00:00,60.15,-44.61,16.04,103.25,0.0,0.0,-28.27567533341837,20.63605990010483,43.021552405528325
2020-11-10 14:50:27.920000+00:00,59.66,-44.74,16.32,103.25,0.0,0.0,-28.51738889742477,20.831229119877012,43.16680341401927
2020-11-10 14:50:27.920000+00:00,59.8,-44.83,16.31,103.25,0.0,0.0,-28.350302494085327,20.821251478356718,43.26280205612837
2020-11-10 14:50:27.953000+00:00,59.76,-44.77,16.21,103.25,0.0,0.0,-28.484377933849238,20.752216943152614,43.19626887826274
2020-11-10 14:50:27.954000+00:00,59.78,-44.63,16.39,103.25,0.0,0.0,-28.38945077839009,20.884478896310718,43.05084664245397
2020-11-10 14:50:28.280000+00:00,59.82,-44.91,15.93,103.25,0.0,0.0,-28.57126929480102,20.549650693627147,43.33958868665799
2020-11-10 14:50:28.281000+00:00,59.91,-44.5,16.26,103.25,0.0,0.0,-28.40122024115477,20.795895308699567,42.908768705746034
2020-11-10 14:50:28.281000+00:00,60.22,-43.4,15.56,103.25,0.0,0.0,-28.9935581735764,20.31578463634505,41.72263757790187
2020-11-10 14:50:28.430000+00:00,59.76,-44.74,16.48,103.25,0.0,0.0,-28.303343765453125,20.944817269443067,43.1707933210468
2020-11-10 14:50:28.613000+00:00,59.79,-45.16,16.51,103.25,0.0,0.0,-28.0911755882912,20.95117475420329,43.62104065685829
2020-11-10 14:50:28.670000+00:00,59.7,-44.9,16.56,103.25,0.0,0.0,-28.24490947322844,20.995956478179327,43.34415507225817
2020-11-10 14:50:28.791000+00:00,60.18,-44.81,16.07,103.25,0.0,0.0,-28.14902248563232,20.651708318090783,43.235835074606
2020-11-10 14:50:28.821000+00:00,60.42,-44.74,15.96,103.25,0.0,0.0,-28.013647714705357,20.575630181014613,43.15872006011689
